--
-- Script was generated by Devart dbForge Studio 2020 for MySQL, Version 9.0.338.0
-- Product home page: http://www.devart.com/dbforge/mysql/studio
-- Script date 8/9/2023 3:22:41 AM
-- Server version: 10.5.21
-- Client version: 4.1
--

-- 
-- Disable foreign keys
-- 
/*!40014 SET @OLD_FOREIGN_KEY_CHECKS=@@FOREIGN_KEY_CHECKS, FOREIGN_KEY_CHECKS=0 */;

-- 
-- Set SQL mode
-- 
/*!40101 SET @OLD_SQL_MODE=@@SQL_MODE, SQL_MODE='NO_AUTO_VALUE_ON_ZERO' */;

-- 
-- Set character set the client will use to send SQL statements to the server
--
SET NAMES 'utf8';

--
-- Set default database
--
USE `misa.qlts.mf1681.vtahoang`;

--
-- Drop procedure `Proc_fixed_asset_GetFilter`
--
DROP PROCEDURE IF EXISTS Proc_fixed_asset_GetFilter;

--
-- Drop procedure `Proc_fixed_asset_GetTotalRecords`
--
DROP PROCEDURE IF EXISTS Proc_fixed_asset_GetTotalRecords;

--
-- Drop procedure `Proc_fixed_asset_InsertMany`
--
DROP PROCEDURE IF EXISTS Proc_fixed_asset_InsertMany;

--
-- Drop procedure `Proc_fixed_asset_Get`
--
DROP PROCEDURE IF EXISTS Proc_fixed_asset_Get;

--
-- Drop procedure `Proc_fixed_asset_GetAll`
--
DROP PROCEDURE IF EXISTS Proc_fixed_asset_GetAll;

--
-- Drop procedure `Proc_fixed_asset_GetDefaultCode`
--
DROP PROCEDURE IF EXISTS Proc_fixed_asset_GetDefaultCode;

--
-- Drop procedure `Proc_fixed_asset_Insert`
--
DROP PROCEDURE IF EXISTS Proc_fixed_asset_Insert;

--
-- Drop procedure `Proc_fixed_asset_Update`
--
DROP PROCEDURE IF EXISTS Proc_fixed_asset_Update;

--
-- Drop table `fixed_asset`
--
DROP TABLE IF EXISTS fixed_asset;

--
-- Drop procedure `Proc_department_Get`
--
DROP PROCEDURE IF EXISTS Proc_department_Get;

--
-- Drop procedure `Proc_department_GetAll`
--
DROP PROCEDURE IF EXISTS Proc_department_GetAll;

--
-- Drop procedure `Proc_department_Insert`
--
DROP PROCEDURE IF EXISTS Proc_department_Insert;

--
-- Drop procedure `Proc_department_Update`
--
DROP PROCEDURE IF EXISTS Proc_department_Update;

--
-- Drop table `department`
--
DROP TABLE IF EXISTS department;

--
-- Drop procedure `Proc_fixed_asset_category_Get`
--
DROP PROCEDURE IF EXISTS Proc_fixed_asset_category_Get;

--
-- Drop procedure `Proc_fixed_asset_category_GetAll`
--
DROP PROCEDURE IF EXISTS Proc_fixed_asset_category_GetAll;

--
-- Drop table `fixed_asset_category`
--
DROP TABLE IF EXISTS fixed_asset_category;

--
-- Set default database
--
USE `misa.qlts.mf1681.vtahoang`;

--
-- Create table `fixed_asset_category`
--
CREATE TABLE fixed_asset_category (
  fixed_asset_category_id char(36) NOT NULL COMMENT 'Id loại tài sản',
  fixed_asset_category_code varchar(50) DEFAULT NULL COMMENT 'Mã loại tài sản',
  fixed_asset_category_name varchar(255) DEFAULT NULL COMMENT 'Tên loại tài sản',
  organization_id char(36) DEFAULT NULL COMMENT 'Id của đơn vị',
  depreciation_rate float DEFAULT NULL COMMENT 'Tỷ lệ hao mòn (%)',
  life_time int(11) DEFAULT NULL COMMENT 'Số năm sử dụng ',
  description varchar(500) DEFAULT NULL COMMENT 'Ghi chú',
  created_by varchar(50) DEFAULT NULL COMMENT 'Người tạo',
  created_date datetime DEFAULT CURRENT_TIMESTAMP() COMMENT 'Ngày tạo',
  modified_by varchar(50) DEFAULT NULL COMMENT 'Người sửa',
  modified_date datetime DEFAULT CURRENT_TIMESTAMP() COMMENT 'Ngày sửa',
  PRIMARY KEY (fixed_asset_category_id)
)
ENGINE = INNODB,
AVG_ROW_LENGTH = 3276,
CHARACTER SET utf8mb4,
COLLATE utf8mb4_general_ci,
COMMENT = 'Loại tài sản';

--
-- Create index `UK_fixed_asset_category_fixed_asset_category_code` on table `fixed_asset_category`
--
ALTER TABLE fixed_asset_category
ADD UNIQUE INDEX UK_fixed_asset_category_fixed_asset_category_code (fixed_asset_category_code);

--
-- Create index `UK_fixed_asset_category_fixed_asset_category_id` on table `fixed_asset_category`
--
ALTER TABLE fixed_asset_category
ADD UNIQUE INDEX UK_fixed_asset_category_fixed_asset_category_id (fixed_asset_category_id);

DELIMITER $$

--
-- Create procedure `Proc_fixed_asset_category_GetAll`
--
CREATE DEFINER = 'root'@'localhost'
PROCEDURE Proc_fixed_asset_category_GetAll ()
BEGIN
  -- Store lấy danh sách loại tài sản
  -- Created by vtahoang 27.07.2023
  -- Proc_fixed_asset_category_GetAll();
  SELECT
    fac.fixed_asset_category_id,
    fac.fixed_asset_category_code,
    fac.fixed_asset_category_name,
    fac.depreciation_rate,
    fac.life_time
  FROM fixed_asset_category fac;
END
$$

--
-- Create procedure `Proc_fixed_asset_category_Get`
--
CREATE DEFINER = 'root'@'localhost'
PROCEDURE Proc_fixed_asset_category_Get (IN $id char(36))
BEGIN
  -- Store lấy thông tin một loại tài sản
  -- Created by vtahoang 27.07.2023
  -- Proc_fixed_asset_category_Get("148ed882-32b8-218e-9c20-39c2f00615e8");
  SELECT
    fac.fixed_asset_category_id,
    fac.fixed_asset_category_code,
    fac.fixed_asset_category_name,
    fac.depreciation_rate,
    fac.life_time
  FROM fixed_asset_category fac
  WHERE fac.fixed_asset_category_id = $id;
END
$$

DELIMITER ;

--
-- Create table `department`
--
CREATE TABLE department (
  department_id char(36) NOT NULL,
  department_code varchar(50) DEFAULT NULL COMMENT 'Mã của phòng ban',
  department_name varchar(255) DEFAULT NULL COMMENT 'Tên phòng ban',
  description varchar(500) DEFAULT NULL COMMENT 'Ghi chú',
  is_parent bit(1) DEFAULT NULL COMMENT 'Có phải là cha không',
  parent_id char(36) DEFAULT NULL COMMENT 'Id phòng ban cha',
  organization_id char(36) DEFAULT NULL COMMENT 'Id của đơn vị',
  created_by varchar(50) DEFAULT NULL COMMENT 'Người tạo',
  created_date datetime DEFAULT CURRENT_TIMESTAMP() COMMENT 'Ngày tạo',
  modified_by varchar(50) DEFAULT NULL COMMENT 'Người sửa',
  modified_date datetime DEFAULT CURRENT_TIMESTAMP() COMMENT 'Ngày sửa',
  PRIMARY KEY (department_id)
)
ENGINE = INNODB,
AVG_ROW_LENGTH = 1638,
CHARACTER SET utf8mb4,
COLLATE utf8mb4_general_ci,
COMMENT = 'Danh mục phòng ban';

--
-- Create index `UK_department_department_code` on table `department`
--
ALTER TABLE department
ADD UNIQUE INDEX UK_department_department_code (department_code);

--
-- Create index `UK_department_department_id` on table `department`
--
ALTER TABLE department
ADD UNIQUE INDEX UK_department_department_id (department_id);

DELIMITER $$

--
-- Create procedure `Proc_department_Update`
--
CREATE PROCEDURE Proc_department_Update (IN $id char(36), IN $department_name varchar(255), IN $department_code varchar(50))
SQL SECURITY INVOKER
BEGIN
  -- Store sửa thông tin phòng ban
  -- Created by vtahoang 27.07.2023
  -- Proc_department_Update("9214628d-a6e6-93c0-1704-bf4db4d0fc95", "ED", "Edited department name");
  UPDATE department
  SET department_code = department_code,
      department_name = department_name
  WHERE department_id = id;
END
$$

--
-- Create procedure `Proc_department_Insert`
--
CREATE PROCEDURE Proc_department_Insert (IN $department_id char(36), IN $department_name varchar(255), IN $department_code varchar(50))
SQL SECURITY INVOKER
BEGIN
  -- Store thêm phòng ban mới
  -- Created by vtahoang 27.07.2023
  -- Proc_department_Insert("9214628d-a6e6-93c0-1704-bf4db4d0fc95", "ND", "New department name");
  INSERT INTO department (department_id, department_code, department_name)
    VALUES (department_id, department_code, department_name);
END
$$

--
-- Create procedure `Proc_department_GetAll`
--
CREATE PROCEDURE Proc_department_GetAll ()
SQL SECURITY INVOKER
BEGIN
  -- Store lấy dữ liệu tất cả phòng ban
  -- Created by vtahoang 27.07.2023
  -- Proc_department_GetAll();
  SELECT
    department_id,
    department_code,
    department_name
  FROM department;
END
$$

--
-- Create procedure `Proc_department_Get`
--
CREATE PROCEDURE Proc_department_Get (IN $id char(36))
SQL SECURITY INVOKER
BEGIN
  -- Store lấy dữ liệu một phòng ban
  -- Created by vtahoang 27.07.2023
  -- Proc_department_Get('469b3ece-744a-45d5-957d-e8c757976496');
  SELECT
    department_id,
    department_code,
    department_name
  FROM department
  WHERE department_id = id;
END
$$

DELIMITER ;

--
-- Create table `fixed_asset`
--
CREATE TABLE fixed_asset (
  fixed_asset_id char(36) NOT NULL COMMENT 'Id tài sản',
  fixed_asset_code varchar(100) DEFAULT NULL COMMENT 'Mã tài sản',
  fixed_asset_name varchar(255) DEFAULT NULL COMMENT 'Tên tài sản',
  organization_id char(36) DEFAULT NULL COMMENT 'Id của đơn vị',
  organization_code varchar(50) DEFAULT NULL COMMENT 'Mã đơn vị',
  organization_name varchar(255) DEFAULT NULL COMMENT 'Tên của đơn vị',
  department_id char(36) DEFAULT NULL COMMENT 'Id phòng ban',
  department_code varchar(50) DEFAULT NULL COMMENT 'Mã phòng ban',
  department_name varchar(255) DEFAULT NULL COMMENT 'Tên phòng ban',
  fixed_asset_category_id char(36) DEFAULT NULL COMMENT 'Id loại tài sản',
  fixed_asset_category_code varchar(50) DEFAULT NULL COMMENT 'Mã loại tài sản',
  fixed_asset_category_name varchar(255) DEFAULT NULL COMMENT 'Tên loại tài sản',
  start_using_date datetime DEFAULT CURRENT_TIMESTAMP() COMMENT 'Ngày bắt đầu sử dụng',
  purchase_date datetime DEFAULT CURRENT_TIMESTAMP() COMMENT 'Ngày mua',
  cost decimal(19, 0) DEFAULT NULL COMMENT 'nguyên giá',
  quantity int(11) DEFAULT 0 COMMENT 'Số lượng',
  depreciation_rate float DEFAULT NULL COMMENT 'Tỷ lệ hao mòn (%)',
  depreciation_value_year decimal(19, 0) DEFAULT NULL COMMENT 'Giá trị hao mòn năm',
  tracked_year int(11) DEFAULT NULL COMMENT 'Năm bắt đầu theo dõi tài sản trên phần mềm',
  life_time int(11) DEFAULT NULL COMMENT 'Số năm sử dụng ',
  production_year int(11) DEFAULT NULL COMMENT 'Năm sử dụng',
  active bit(1) DEFAULT b'0' COMMENT 'Sử dụng',
  created_by varchar(50) DEFAULT NULL COMMENT 'Người tạo',
  created_date datetime DEFAULT CURRENT_TIMESTAMP() COMMENT 'Ngày tạo',
  modified_by varchar(50) DEFAULT NULL COMMENT 'Người sửa',
  modified_date datetime DEFAULT CURRENT_TIMESTAMP() COMMENT 'Ngày sửa',
  accumulated_depreciation decimal(19, 0) DEFAULT NULL COMMENT 'Khấu hao luỹ kế',
  remaining_value decimal(19, 0) DEFAULT NULL COMMENT 'Giá trị còn lại',
  PRIMARY KEY (fixed_asset_id)
)
ENGINE = INNODB,
AVG_ROW_LENGTH = 2978,
CHARACTER SET utf8mb4,
COLLATE utf8mb4_general_ci;

--
-- Create index `IDX_fixed_asset_created_date` on table `fixed_asset`
--
ALTER TABLE fixed_asset
ADD INDEX IDX_fixed_asset_created_date (created_date);

--
-- Create index `UK_fixed_asset_fixed_asset_code` on table `fixed_asset`
--
ALTER TABLE fixed_asset
ADD UNIQUE INDEX UK_fixed_asset_fixed_asset_code (fixed_asset_code);

--
-- Create index `UK_fixed_asset_fixed_asset_id` on table `fixed_asset`
--
ALTER TABLE fixed_asset
ADD UNIQUE INDEX UK_fixed_asset_fixed_asset_id (fixed_asset_id);

--
-- Create foreign key
--
ALTER TABLE fixed_asset
ADD CONSTRAINT FK_fixed_asset_department_department_id FOREIGN KEY (department_id)
REFERENCES department (department_id) ON DELETE NO ACTION ON UPDATE NO ACTION;

--
-- Create foreign key
--
ALTER TABLE fixed_asset
ADD CONSTRAINT FK_fixed_asset_fixed_asset_category_fixed_asset_category_id FOREIGN KEY (fixed_asset_category_id)
REFERENCES fixed_asset_category (fixed_asset_category_id) ON DELETE NO ACTION ON UPDATE NO ACTION;

DELIMITER $$

--
-- Create procedure `Proc_fixed_asset_Update`
--
CREATE PROCEDURE Proc_fixed_asset_Update (IN $fixed_asset_name varchar(255), IN $fixed_asset_code varchar(50), IN $department_id char(36), IN $department_name varchar(255), IN $department_code varchar(50), IN $fixed_asset_category_id char(36), IN $fixed_asset_category_name varchar(255), IN $fixed_asset_category_code varchar(50), IN $purchase_date timestamp, IN $cost decimal(19, 4), IN $quantity int, IN $depreciation_rate float, IN $tracked_year int, IN $life_time int, IN $production_year int, IN $active bit, IN $created_by varchar(50), IN $created_date timestamp, IN $modified_by varchar(50), IN $modified_date timestamp, IN $fixed_asset_id char(36), IN $start_using_date datetime, IN $depreciation_value_year decimal(19, 4), IN $accumulated_depreciation decimal(19, 4), IN $remaining_value decimal(19, 4))
SQL SECURITY INVOKER
BEGIN
  -- Store sửa tài sản cũ
  -- Created by vtahoang 27.07.2023
  UPDATE fixed_asset fa
  SET fixed_asset_code = $fixed_asset_code,
      fixed_asset_name = $fixed_asset_name,
      department_id = $department_id,
      department_code = $department_code,
      department_name = $department_name,
      fixed_asset_category_id = $fixed_asset_category_id,
      fixed_asset_category_code = $fixed_asset_category_code,
      fixed_asset_category_name = $fixed_asset_category_name,
      start_using_date = $start_using_date,
      purchase_date = $purchase_date,
      cost = $cost,
      quantity = $quantity,
      depreciation_rate = $depreciation_rate,
      tracked_year = $tracked_year,
      life_time = $life_time,
      production_year = $production_year,
      active = $active,
      created_by = $created_by,
      created_date = $created_date,
      modified_by = $modified_by,
      modified_date = $modified_date,
      start_using_date = $start_using_date,
      depreciation_value_year = $depreciation_value_year,
      accumulated_depreciation = $accumulated_depreciation,
      remaining_value = $remaining_value
  WHERE fa.fixed_asset_id = $fixed_asset_id;
END
$$

--
-- Create procedure `Proc_fixed_asset_Insert`
--
CREATE DEFINER = 'root'@'localhost'
PROCEDURE Proc_fixed_asset_Insert (IN $fixed_asset_name varchar(255), IN $fixed_asset_code varchar(50), IN $department_id char(36), IN $department_name varchar(255), IN $department_code varchar(50), IN $fixed_asset_category_id char(36), IN $fixed_asset_category_name varchar(255), IN $fixed_asset_category_code varchar(50), IN $purchase_date datetime, IN $cost decimal(19, 4), IN $quantity int, IN $depreciation_rate float, IN $tracked_year int, IN $life_time int, IN $production_year int, IN $active bit, IN $created_by varchar(50), IN $created_date datetime, IN $modified_by varchar(50), IN $modified_date datetime, IN $fixed_asset_id char(36), IN $start_using_date datetime, IN $depreciation_value_year decimal(19, 4), IN $accumulated_depreciation decimal(19, 4), IN $remaining_value decimal(19, 4))
BEGIN
  -- Store tạo tài sản mới 
  -- Created by vtahoang 27.07.2023
  INSERT INTO fixed_asset (fixed_asset_id, fixed_asset_code, fixed_asset_name, department_id, department_code, department_name, fixed_asset_category_id, fixed_asset_category_code, fixed_asset_category_name, start_using_date, purchase_date, cost, quantity, depreciation_rate, depreciation_value_year, tracked_year, life_time, production_year, active, created_by, created_date, modified_by, modified_date, accumulated_depreciation, remaining_value)
    VALUES ($fixed_asset_id, $fixed_asset_code, $fixed_asset_name, $department_id, $department_code, $department_name, $fixed_asset_category_id, $fixed_asset_category_code, $fixed_asset_category_name, $start_using_date, $purchase_date, $cost, $quantity, $depreciation_rate, $depreciation_value_year, $tracked_year, $life_time, $production_year, $active, $created_by, $created_date, $modified_by, $modified_date, $accumulated_depreciation, $remaining_value);
END
$$

--
-- Create procedure `Proc_fixed_asset_GetDefaultCode`
--
CREATE DEFINER = 'root'@'localhost'
PROCEDURE Proc_fixed_asset_GetDefaultCode (IN $prefix varchar(255), IN $suffix varchar(255), IN $base_value int, IN $length int)
BEGIN
  -- Store sinh mã code tự động theo mã code mới tạo trước đó
  -- Created by vtahoang 05.08.2023
  -- Call Proc_fixed_asset_GetDefaultCode('TS', 'AS', 1, 5)
  DECLARE $code varchar(255);
  DECLARE $code_exists int;

  SET $code_exists = 1;

  WHILE $code_exists > 0 DO
    SET $base_value = $base_value + 1;
    SET $code = CONCAT($prefix, LPAD($base_value, $length, '0'), $suffix);
    SELECT
      COUNT(*) INTO $code_exists
    FROM fixed_asset fa
    WHERE fa.fixed_asset_code = $code;
  END WHILE;

  SELECT
    $code;

END
$$

--
-- Create procedure `Proc_fixed_asset_GetAll`
--
CREATE DEFINER = 'root'@'localhost'
PROCEDURE Proc_fixed_asset_GetAll ()
BEGIN
  -- Store lấy tất cả bản ghi
  -- Created by vtahoang 27.07.2023
  -- CALL Proc_fixed_asset_GetAll();
  SELECT
    fixed_asset_id,
    fixed_asset_code,
    fixed_asset_name,
    department_id,
    department_code,
    department_name,
    fixed_asset_category_id,
    fixed_asset_category_code,
    fixed_asset_category_name,
    start_using_date,
    purchase_date,
    cost,
    quantity,
    depreciation_rate,
    depreciation_value_year,
    tracked_year,
    life_time,
    production_year,
    accumulated_depreciation,
    remaining_value
  FROM fixed_asset fa;
END
$$

--
-- Create procedure `Proc_fixed_asset_Get`
--
CREATE DEFINER = 'root'@'localhost'
PROCEDURE Proc_fixed_asset_Get (IN $id varchar(255))
BEGIN
  -- Store lấy bản ghi theo id
  -- Created by vtahoang 27.07.2023
  -- CALL Proc_fixed_asset_Get("46023a68-069d-4943-af23-5de68bafd23b");
  SELECT
    fixed_asset_id,
    fixed_asset_code,
    fixed_asset_name,
    department_id,
    department_code,
    department_name,
    fixed_asset_category_id,
    fixed_asset_category_code,
    fixed_asset_category_name,
    start_using_date,
    purchase_date,
    cost,
    quantity,
    depreciation_rate,
    depreciation_value_year,
    tracked_year,
    life_time,
    production_year,
    accumulated_depreciation,
    remaining_value
  FROM fixed_asset fa
  WHERE fa.fixed_asset_id = $id;
END
$$

--
-- Create procedure `Proc_fixed_asset_InsertMany`
--
CREATE DEFINER = 'root'@'localhost'
PROCEDURE Proc_fixed_asset_InsertMany (IN $columns longtext, IN $values longtext)
BEGIN
  -- Stored tạo nhiều bản ghi
  -- Created by vtahoang 08.08.2023
  SET @sql = CONCAT('INSERT INTO fixed_asset ', $columns, ' VALUES ', $values);
  PREPARE statement FROM @sql;
  EXECUTE statement;
  DEALLOCATE PREPARE statement;
END
$$

--
-- Create procedure `Proc_fixed_asset_GetTotalRecords`
--
CREATE DEFINER = 'root'@'localhost'
PROCEDURE Proc_fixed_asset_GetTotalRecords (IN $where_condition varchar(500))
BEGIN
  SET @sql = CONCAT('SELECT COUNT(*)',
  ' FROM fixed_asset fa ',
  IF($where_condition <> '', $where_condition, ' '));
  PREPARE statement FROM @sql;
  EXECUTE statement;
  DEALLOCATE PREPARE statement;
END
$$

--
-- Create procedure `Proc_fixed_asset_GetFilter`
--
CREATE DEFINER = 'root'@'localhost'
PROCEDURE Proc_fixed_asset_GetFilter (IN $limit int, IN $offset int, IN $columns varchar(500), IN $sort_type varchar(255), IN $sort_field varchar(255), IN $where_condition varchar(500))
BEGIN
  -- Store lấy danh sách bản ghi theo bộ lọc
  -- Created by vtahoang 31.07.2023
  SET @sql = CONCAT('SELECT ', $columns,
  ' FROM fixed_asset fa ',
  IF($where_condition <> '', $where_condition, ' '),
  'ORDER BY ', $sort_field, ' ', $sort_type);
  IF $limit > 0 THEN
    SET @sql = CONCAT(@sql, ' LIMIT ', $limit, ' OFFSET ', $offset);
  END IF;
  PREPARE statement FROM @sql;
  EXECUTE statement;
  DEALLOCATE PREPARE statement;
END
$$

DELIMITER ;

-- 
-- Dumping data for table fixed_asset_category
--
INSERT INTO fixed_asset_category VALUES
('09cfb0c0-3625-11ee-a2e3-d45d64601179', 'TN', 'Tai nghe\r\n', NULL, NULL, 3, NULL, NULL, '2023-08-09 02:53:01', NULL, '2023-08-09 02:53:01'),
('148ed882-32b8-218e-9c20-39c2f00615e8', 'MTXT', 'Máy tính xách tay', '01251', 8114710, 10, 'Ut doloremque iste debitis quo sit aspernatur repellendus qui; libero dolores rerum corporis beatae amet natus ea eligendi. Nam perspiciatis expedita maiores perferendis est numquam provident accusamus. Aperiam ex esse consequatur est at voluptatem pariatur commodi. Quo nam et ipsa et est et qui dolor.', 'Elwood Ligon', '1986-05-11 17:41:27', 'Yadira Villanueva', '2013-09-08 12:45:04'),
('1b691e79-236d-5b5a-9d20-39c2f00615e8', 'MB', 'Máy bàn', '15656', 3673610, 11, 'Recusandae quia quasi fuga quasi quis omnis quo quasi; accusantium et aperiam quis error ipsam et quae et.', 'Lonna Dion', '2006-10-13 14:50:31', 'Wilfredo Southern', '2001-03-16 15:10:37'),
('25c6c36e-1668-7d10-6e09-bf1378b8dc91', 'ĐT', 'Điện thoại', '27120', 5370350, 15, 'Nam non nam quo molestiae voluptatem non eius omnis. Quis est neque at fugit totam placeat sed cumque? Voluptatem officiis natus dignissimos vel in et quod modi. Et sit ex sit rem doloremque odio vel totam!', 'Courtney Abernathy', '1978-05-20 03:53:36', 'Britta Ayres', '2022-09-18 18:59:18'),
('354f1b13-17bf-1b52-87d5-ba100c6f7bce', 'MA', 'Máy ảnh', '23679', 269542, 5, 'Ea atque aut quaerat aliquid laborum necessitatibus tenetur. Sed cupiditate sed tempora perferendis tempora itaque nihil est. Aut aliquam culpa. Et quia inventore error voluptate inventore vitae dolores consequuntur. Ea qui est perspiciatis aspernatur. Optio veritatis debitis deleniti sunt consequatur sunt! Omnis itaque id sed recusandae ducimus voluptate sed.', 'Natashia Blaylock', '1989-04-25 23:45:27', 'Merle Reiter', '1971-01-01 00:01:08'),
('3700cc49-55b5-69ea-4929-a2925c0f334d', 'MH', 'Màn hình', '96561', 6838330, 5, 'Placeat qui hic nobis dolorem officia nihil commodi vel.', 'Rose Aiello', '2010-11-08 12:31:59', 'Bernard Creighton', '1971-01-01 01:08:43'),
('3e9ce051-3625-11ee-a2e3-d45d64601179', 'MI', 'Máy in', NULL, NULL, 8, NULL, NULL, '2023-08-09 02:53:32', NULL, '2023-08-09 02:53:32'),
('dd23336c-3624-11ee-a2e3-d45d64601179', 'CMT', 'Chuột máy tính\r\n', NULL, NULL, 3, NULL, NULL, '2023-08-09 02:51:08', NULL, '2023-08-09 02:51:08'),
('fa18577f-3624-11ee-a2e3-d45d64601179', 'BP', 'Bàn phím', NULL, NULL, 4, NULL, NULL, '2023-08-09 02:51:42', NULL, '2023-08-09 02:51:42');

-- 
-- Dumping data for table department
--
INSERT INTO department VALUES
('11452b0c-768e-5ff7-0d63-eeb1d8ed8cef', 'HCKT', 'Phòng hành chính kế toán', 'Sed natus et id illo harum et exercitationem impedit.', False, '76703', '87267', 'Adolph Francisco', '2003-11-05 05:48:43', 'Jason Blackmon', '1996-08-01 23:20:20'),
('142cb08f-7c31-21fa-8e90-67245e8b283e', 'TK', 'Phòng thư ký', 'Praesentium excepturi architecto ipsum possimus sit at qui; molestiae autem sit atque aliquid nobis necessitatibus. Ipsam itaque amet velit maiores error! Similique ea quis sed officiis eum quia quam. Sed porro odio natus error velit consequatur hic vero! Vel error dicta velit nam quia ut omnis repellendus.', False, '94630', '11638', 'Letha Bolt', '1971-01-01 00:07:13', 'Abraham Acevedo', '1971-01-01 00:00:04'),
('17120d02-6ab5-3e43-18cb-66948daf6128', 'HR', 'Phòng nhân sự', 'Unde inventore ut non velit neque. Harum sequi rerum iste nihil mollitia et quaerat. Sunt nostrum est? Deserunt voluptas quibusdam. Et tenetur error deserunt; nostrum deleniti reprehenderit molestiae est error animi qui. Neque consequatur inventore et. Exercitationem rerum dolorem qui recusandae nam voluptatem natus saepe.', False, '34958', '37879', 'Miyoko Mckinney', '1993-06-02 04:48:50', 'Hong Beaudoin', '2015-02-12 17:49:47'),
('2bbbd485-6df2-536a-7e32-6a1673ffca7c', 'TCTH', 'Phòng tài chính tổng hợp', 'Veritatis ut accusantium. Quia maxime modi sunt atque debitis illo perspiciatis; labore dolor quam tempore? Omnis ut fugit consequatur aperiam. Quia laboriosam nihil atque velit. Corrupti ipsam mollitia quia ut accusantium. Cupiditate vero quo et. Et quos voluptatibus natus maxime vel consequatur eos et. Enim illo omnis! Reiciendis sit corporis.', False, '96139', '74883', 'Denisha Mcginnis', '1971-01-01 00:01:04', 'Peggy Charlton', '1981-07-17 02:31:45'),
('4577565a-7e3e-493a-74dd-867949feb8b5', 'CSKH', 'Phòng chăm sóc khách hàng', 'Impedit ut porro voluptas natus odit repellat. Ea molestiae nulla dolor rerum et quo quas nam. Itaque dolores soluta rerum nisi distinctio deserunt. Quibusdam quaerat est! Illum et ut ad natus ducimus unde omnis eum. Corrupti eaque velit repellat eaque non perspiciatis unde quis.', True, '43735', '22554', 'Felix Alba', '2022-09-12 02:12:32', 'Tiny Card', '2001-01-30 09:16:21'),
('469b3ece-744a-45d5-957d-e8c757976496', 'NC', 'Phòng nghiên cứu', 'Ullam recusandae sunt tempore temporibus fugiat similique error sit. Sit nisi ipsum suscipit aut architecto voluptas fugit at.', False, '11450', '86148', 'Vanita Kelleher', '1992-09-04 01:38:18', 'Retta Lord', '1997-06-21 08:47:00'),
('4e272fc4-7875-78d6-7d32-6a1673ffca7c', 'QL', 'Phòng quản lý', 'Similique sed et quo nemo omnis facilis aliquam soluta. Natus quis ratione quaerat quas officia dolores nihil maxime. Quaerat et omnis labore molestiae voluptatibus molestiae recusandae dicta. Laboriosam sint rerum explicabo repudiandae sed molestiae voluptatibus natus.', False, '08242', '52432', 'Marcos Abraham', '1973-03-13 00:12:54', 'Treena Lind', '1971-01-01 00:00:08'),
('59d19422-6657-452e-a7db-e5d54223c257', 'KDTT', 'Phòng kinh doanh và tiếp thị', NULL, NULL, '43438', '99298', NULL, NULL, 'Maynard Brockman', '2009-11-20 23:28:04'),
('7686595d-16d5-33b3-0080-e8e2a817c80e', 'CNTT', 'Phòng công nghệ thông tin', 'Consequatur cum autem sint corporis. Error officiis dolorem ut enim voluptatem unde non ratione. Sint autem et adipisci. Quia qui obcaecati tempore dignissimos quaerat qui veritatis sed? Recusandae et nihil sed temporibus perferendis nemo dolores culpa! Sed unde voluptatem ut est sit perspiciatis minus soluta.', False, '77578', '93854', 'Eusebia Noland', '2012-05-04 05:02:08', 'Carroll Binder', '1991-01-13 08:45:51'),
('768f8e64-7d10-20c9-967d-e8c757976496', 'KT', 'Phòng kỹ thuật', 'Et perspiciatis a ipsum nemo dolores eveniet. Aperiam blanditiis numquam autem consequatur vero et? Sunt error quaerat itaque perferendis non sunt ut repellat. Unde aperiam blanditiis quos non error dignissimos veniam possimus. Maiores nihil dolores! Voluptatem porro sit quia. Natus animi delectus tenetur consequatur. Omnis consequatur sit totam nihil quae officia.', True, '49273', '24206', 'Oma Lawler', '1978-09-02 01:36:09', NULL, NULL);

-- 
-- Dumping data for table fixed_asset
--
INSERT INTO fixed_asset VALUES
('032f5bb5-6284-4c19-8fca-2c4bff83d88a', 'TS00032', 'Máy bàn HP EliteDesk', NULL, NULL, NULL, '7686595d-16d5-33b3-0080-e8e2a817c80e', 'CNTT', 'Phòng công nghệ thông tin', '1b691e79-236d-5b5a-9d20-39c2f00615e8', 'MB', 'Máy bàn', '2021-06-11 00:00:00', '2021-03-26 00:00:00', 15750000, 6, 6.67, 1050000, 2023, 15, 2021, True, '', '2023-08-09 03:17:54', '', '2023-08-09 03:17:54', 3150000, 12600000),
('05ba8dbd-37dc-4e49-9363-466c6226c40e', 'TS00008', 'Điện thoại Samsung Galaxy S21', NULL, NULL, NULL, '11452b0c-768e-5ff7-0d63-eeb1d8ed8cef', 'HCKT', 'Phòng hành chính kế toán', '25c6c36e-1668-7d10-6e09-bf1378b8dc91', 'ĐT', 'Điện thoại', '2021-07-01 00:00:00', '2021-06-09 00:00:00', 18000000, 2, 11.11, 2000000, 2023, 9, 2021, True, '', '2023-08-09 03:17:54', '', '2023-08-09 03:17:54', 6000000, 12000000),
('08f35de3-2e83-48d3-8b56-6111989e6e32', 'TS00019', 'Máy ảnh Fujifilm X-T4', NULL, NULL, NULL, '7686595d-16d5-33b3-0080-e8e2a817c80e', 'CNTT', 'Phòng công nghệ thông tin', '354f1b13-17bf-1b52-87d5-ba100c6f7bce', 'MA', 'Máy ảnh', '2021-07-20 00:00:00', '2021-07-08 00:00:00', 36000000, 4, 8.33, 3000000, 2023, 12, 2021, True, '', '2023-08-09 03:17:54', '', '2023-08-09 03:17:54', 9000000, 27000000),
('0a708754-f339-4565-abbd-f4d1839b0f72', 'TS00021', 'Máy tính xách tay MacBook Air', NULL, NULL, NULL, '2bbbd485-6df2-536a-7e32-6a1673ffca7c', 'TCTH', 'Phòng tài chính tổng hợp', '148ed882-32b8-218e-9c20-39c2f00615e8', 'MTXT', 'Máy tính xách tay', '2021-05-06 00:00:00', '2021-04-24 00:00:00', 22500000, 9, 10, 2250000, 2023, 10, 2021, True, '', '2023-08-09 03:17:54', '', '2023-08-09 03:17:54', 6750000, 15750000),
('0b6b2858-fd9a-431c-ae0c-c7fb51bae430', 'TS00048', 'Điện thoại Blackberry Key2', NULL, NULL, NULL, '7686595d-16d5-33b3-0080-e8e2a817c80e', 'CNTT', 'Phòng công nghệ thông tin', '25c6c36e-1668-7d10-6e09-bf1378b8dc91', 'ĐT', 'Điện thoại', '2021-07-23 00:00:00', '2021-04-04 00:00:00', 11250000, 8, 7.14, 803571, 2023, 14, 2021, True, '', '2023-08-09 03:17:54', '', '2023-08-09 03:17:54', 2410714, 8839286),
('1702055f-3e53-40a4-a872-293f2c5ddbc3', 'TS00026', 'Máy tính xách tay Microsoft Surface', NULL, NULL, NULL, '768f8e64-7d10-20c9-967d-e8c757976496', 'KT', 'Phòng kỹ thuật', '148ed882-32b8-218e-9c20-39c2f00615e8', 'MTXT', 'Máy tính xách tay', '2021-06-02 00:00:00', '2021-05-01 00:00:00', 27000000, 8, 6.67, 1800000, 2023, 15, 2021, True, '', '2023-08-09 03:17:54', '', '2023-08-09 03:17:54', 5400000, 21600000),
('1810ce7f-e98c-46b4-8ac1-4c55e3b385be', 'TS00022', 'Máy bàn Apple iMac', NULL, NULL, NULL, '768f8e64-7d10-20c9-967d-e8c757976496', 'KT', 'Phòng kỹ thuật', '1b691e79-236d-5b5a-9d20-39c2f00615e8', 'MB', 'Máy bàn', '2021-07-22 00:00:00', '2021-06-15 00:00:00', 45000000, 4, 16.67, 7500000, 2023, 6, 2021, True, '', '2023-08-09 03:17:54', '', '2023-08-09 03:17:54', 22500000, 22500000),
('1908d9f6-9a1c-496c-88ef-4f06da2a14a4', 'TS00002', 'Máy bàn HP Pavilion', NULL, NULL, NULL, '17120d02-6ab5-3e43-18cb-66948daf6128', 'HR', 'Phòng nhân sự', '1b691e79-236d-5b5a-9d20-39c2f00615e8', 'MB', 'Máy bàn', '2021-06-06 00:00:00', '2021-01-14 00:00:00', 18000000, 6, 14.29, 2571429, 2023, 7, 2021, True, '', '2023-08-09 03:17:54', '', '2023-08-09 03:17:54', 7714286, 10285714),
('25779523-f2ca-4613-a979-006783a00a11', 'TS00033', 'Điện thoại Nokia 8.3', NULL, NULL, NULL, '17120d02-6ab5-3e43-18cb-66948daf6128', 'HR', 'Phòng nhân sự', '25c6c36e-1668-7d10-6e09-bf1378b8dc91', 'ĐT', 'Điện thoại', '2021-03-08 00:00:00', '2021-01-11 00:00:00', 9000000, 4, 12.5, 1125000, 2023, 8, 2021, True, '', '2023-08-09 03:17:54', '', '2023-08-09 03:17:54', 3375000, 5625000),
('26396431-56e4-436e-a87d-1c4fecfc6826', 'TS00028', 'Điện thoại Huawei P40', NULL, NULL, NULL, '11452b0c-768e-5ff7-0d63-eeb1d8ed8cef', 'HCKT', 'Phòng hành chính kế toán', '25c6c36e-1668-7d10-6e09-bf1378b8dc91', 'ĐT', 'Điện thoại', '2021-06-29 00:00:00', '2021-05-29 00:00:00', 13500000, 7, 10, 1350000, 2023, 10, 2021, True, '', '2023-08-09 03:17:54', '', '2023-08-09 03:17:54', 4050000, 9450000),
('32c5a3f0-ceea-46f2-a7ae-0e189b6e6ec0', 'TS00014', 'Máy ảnh Sony Alpha A7', NULL, NULL, NULL, '768f8e64-7d10-20c9-967d-e8c757976496', 'KT', 'Phòng kỹ thuật', '354f1b13-17bf-1b52-87d5-ba100c6f7bce', 'MA', 'Máy ảnh', '2021-07-31 00:00:00', '2021-05-29 00:00:00', 45000000, 5, 10, 4500000, 2023, 10, 2021, True, '', '2023-08-09 03:17:54', '', '2023-08-09 03:17:54', 13500000, 31500000),
('33c46490-fbad-407b-9516-b01aa7f70725', 'TS00010', 'Màn hình LG 32"', NULL, NULL, NULL, '17120d02-6ab5-3e43-18cb-66948daf6128', 'HR', 'Phòng nhân sự', '3700cc49-55b5-69ea-4929-a2925c0f334d', 'MH', 'Màn hình', '2021-06-25 00:00:00', '2021-04-02 00:00:00', 9000000, 4, 12.5, 1125000, 2023, 8, 2021, True, '', '2023-08-09 03:17:54', '', '2023-08-09 03:17:54', 3375000, 5625000),
('3c2221b8-a5a1-489e-a15b-7158114c13c6', 'TS00017', 'Máy bàn Lenovo IdeaCentre', NULL, NULL, NULL, '2bbbd485-6df2-536a-7e32-6a1673ffca7c', 'TCTH', 'Phòng tài chính tổng hợp', '1b691e79-236d-5b5a-9d20-39c2f00615e8', 'MB', 'Máy bàn', '2021-07-30 00:00:00', '2021-07-02 00:00:00', 15750000, 8, 11.11, 1750000, 2023, 9, 2021, True, '', '2023-08-09 03:17:54', '', '2023-08-09 03:17:54', 5250000, 10500000),
('3cb80864-3ad3-48aa-9621-a714bc535690', 'TS00049', 'Máy ảnh Ricoh GR III', NULL, NULL, NULL, '142cb08f-7c31-21fa-8e90-67245e8b283e', 'TK', 'Phòng thư ký', '354f1b13-17bf-1b52-87d5-ba100c6f7bce', 'MA', 'Máy ảnh', '2021-07-01 00:00:00', '2021-03-05 00:00:00', 18000000, 10, 7.14, 1285714, 2023, 14, 2021, True, '', '2023-08-09 03:17:54', '', '2023-08-09 03:17:54', 3857143, 14142857),
('3edafdb2-23dd-4e56-a68f-01132b59d7f5', 'TS00042', 'Máy bàn Alienware Aurora', NULL, NULL, NULL, '59d19422-6657-452e-a7db-e5d54223c257', 'KDTT', 'Phòng kinh doanh và tiếp thị', '1b691e79-236d-5b5a-9d20-39c2f00615e8', 'MB', 'Máy bàn', '2021-06-08 00:00:00', '2021-03-31 00:00:00', 45000000, 2, 8.33, 3750000, 2023, 12, 2021, True, '', '2023-08-09 03:17:54', '', '2023-08-09 03:17:54', 11250000, 33750000),
('47dae3da-0180-4212-ada8-c38f45b92cec', 'TS00034', 'Máy ảnh Leica Q2', NULL, NULL, NULL, '17120d02-6ab5-3e43-18cb-66948daf6128', 'HR', 'Phòng nhân sự', '354f1b13-17bf-1b52-87d5-ba100c6f7bce', 'MA', 'Máy ảnh', '2021-06-17 00:00:00', '2021-01-02 00:00:00', 112500000, 2, 11.11, 12500000, 2023, 9, 2021, True, '', '2023-08-09 03:17:54', '', '2023-08-09 03:17:54', 37500000, 75000000),
('4ac11cba-c0af-4d34-842e-3ee5dcb03229', 'TS00047', 'Máy bàn Corsair One', NULL, NULL, NULL, '469b3ece-744a-45d5-957d-e8c757976496', 'NC', 'Phòng nghiên cứu', '1b691e79-236d-5b5a-9d20-39c2f00615e8', 'MB', 'Máy bàn', '2021-06-19 00:00:00', '2021-01-02 00:00:00', 36000000, 1, 16.67, 6000000, 2023, 6, 2021, True, '', '2023-08-09 03:17:54', '', '2023-08-09 03:17:54', 18000000, 18000000),
('4bf58209-620b-4511-bc8a-615e7fc610b9', 'TS00029', 'Máy ảnh Olympus OM-D E-M10', NULL, NULL, NULL, '59d19422-6657-452e-a7db-e5d54223c257', 'KDTT', 'Phòng kinh doanh và tiếp thị', '354f1b13-17bf-1b52-87d5-ba100c6f7bce', 'MA', 'Máy ảnh', '2021-04-23 00:00:00', '2021-01-17 00:00:00', 22500000, 8, 6.67, 1500000, 2023, 15, 2021, True, '', '2023-08-09 03:17:54', '', '2023-08-09 03:17:54', 4500000, 18000000),
('4c9ca994-18a6-4b6d-99a7-ee61f36f9f36', 'TS00036', 'Máy tính xách tay Toshiba Portege', NULL, NULL, NULL, '7686595d-16d5-33b3-0080-e8e2a817c80e', 'CNTT', 'Phòng công nghệ thông tin', '148ed882-32b8-218e-9c20-39c2f00615e8', 'MTXT', 'Máy tính xách tay', '2021-07-07 00:00:00', '2021-05-21 00:00:00', 22500000, 10, 20, 4500000, 2023, 5, 2021, True, '', '2023-08-09 03:17:54', '', '2023-08-09 03:17:54', 13500000, 9000000),
('4e366ff4-e85d-423e-aa65-e7a178904b07', 'TS00005', 'Màn hình Samsung 27"', NULL, NULL, NULL, '11452b0c-768e-5ff7-0d63-eeb1d8ed8cef', 'HCKT', 'Phòng hành chính kế toán', '3700cc49-55b5-69ea-4929-a2925c0f334d', 'MH', 'Màn hình', '2021-05-25 00:00:00', '2021-05-03 00:00:00', 6750000, 7, 7.69, 519231, 2023, 13, 2021, True, '', '2023-08-09 03:17:54', '', '2023-08-09 03:17:54', 1557692, 5192308),
('4e9b868d-ce6e-4347-b32a-82c81cb08e6f', 'TS00003', 'Điện thoại iPhone 13', NULL, NULL, NULL, '768f8e64-7d10-20c9-967d-e8c757976496', 'KT', 'Phòng kỹ thuật', '25c6c36e-1668-7d10-6e09-bf1378b8dc91', 'ĐT', 'Điện thoại', '2021-04-17 00:00:00', '2021-02-06 00:00:00', 15750000, 4, 16.67, 2625000, 2023, 6, 2021, True, '', '2023-08-09 03:17:54', '', '2023-08-09 03:17:54', 7875000, 7875000),
('5ddce71c-c809-46ef-9f6d-f34b9101656f', 'TS00012', 'Máy bàn Acer Aspire', NULL, NULL, NULL, '11452b0c-768e-5ff7-0d63-eeb1d8ed8cef', 'HCKT', 'Phòng hành chính kế toán', '1b691e79-236d-5b5a-9d20-39c2f00615e8', 'MB', 'Máy bàn', '2021-06-24 00:00:00', '2021-03-20 00:00:00', 13500000, 2, 25, 3375000, 2023, 4, 2021, True, '', '2023-08-09 03:17:54', '', '2023-08-09 03:17:54', 10125000, 3375000),
('6c9fecf3-7d8e-487c-b498-3d6cf264cef6', 'TS00016', 'Máy tính xách tay Asus ZenBook', NULL, NULL, NULL, '768f8e64-7d10-20c9-967d-e8c757976496', 'KT', 'Phòng kỹ thuật', '148ed882-32b8-218e-9c20-39c2f00615e8', 'MTXT', 'Máy tính xách tay', '2021-07-29 00:00:00', '2021-05-16 00:00:00', 27000000, 3, 9.09, 2454545, 2023, 11, 2021, True, '', '2023-08-09 03:17:54', '', '2023-08-09 03:17:54', 7363636, 19636364),
('799be2a6-4b17-4fde-9eb5-01816f780174', 'TS00018', 'Điện thoại OnePlus 9', NULL, NULL, NULL, '4577565a-7e3e-493a-74dd-867949feb8b5', 'CSKH', 'Phòng chăm sóc khách hàng', '25c6c36e-1668-7d10-6e09-bf1378b8dc91', 'ĐT', 'Điện thoại', '2021-06-16 00:00:00', '2021-04-25 00:00:00', 11250000, 4, 14.29, 1607143, 2023, 7, 2021, True, '', '2023-08-09 03:17:54', '', '2023-08-09 03:17:54', 4821429, 6428571),
('84aaa272-4fbc-4d7a-a80e-06e004273708', 'TS00015', 'Màn hình Dell 24"', NULL, NULL, NULL, '7686595d-16d5-33b3-0080-e8e2a817c80e', 'CNTT', 'Phòng công nghệ thông tin', '3700cc49-55b5-69ea-4929-a2925c0f334d', 'MH', 'Màn hình', '2021-03-22 00:00:00', '2021-03-18 00:00:00', 5400000, 1, 10, 540000, 2023, 10, 2021, True, '', '2023-08-09 03:17:54', '', '2023-08-09 03:17:54', 1620000, 3780000),
('91bee5e8-0d13-4e00-b733-493c3e4d03c7', 'TS00031', 'Máy tính xách tay Acer Swift', NULL, NULL, NULL, '469b3ece-744a-45d5-957d-e8c757976496', 'NC', 'Phòng nghiên cứu', '148ed882-32b8-218e-9c20-39c2f00615e8', 'MTXT', 'Máy tính xách tay', '2021-04-29 00:00:00', '2021-04-18 00:00:00', 18000000, 7, 7.69, 1384615, 2023, 13, 2021, True, '', '2023-08-09 03:17:54', '', '2023-08-09 03:17:54', 4153846, 13846154),
('9209deb3-f999-41fd-8484-6e43e0f1c859', 'TS00050', 'Màn hình AOC 27"', NULL, NULL, NULL, '4e272fc4-7875-78d6-7d32-6a1673ffca7c', 'QL', 'Phòng quản lý', '3700cc49-55b5-69ea-4929-a2925c0f334d', 'MH', 'Màn hình', '2021-07-22 00:00:00', '2021-07-15 00:00:00', 6750000, 9, 11.11, 750000, 2023, 9, 2021, True, '', '2023-08-09 03:17:54', '', '2023-08-09 03:17:54', 2250000, 4500000),
('97234970-a98c-4168-9759-05cdc4b4f8e4', 'TS00024', 'Máy ảnh Panasonic Lumix S5', NULL, NULL, NULL, '4577565a-7e3e-493a-74dd-867949feb8b5', 'CSKH', 'Phòng chăm sóc khách hàng', '354f1b13-17bf-1b52-87d5-ba100c6f7bce', 'MA', 'Máy ảnh', '2021-05-01 00:00:00', '2021-03-28 00:00:00', 31500000, 1, 8.33, 2625000, 2023, 12, 2021, True, '', '2023-08-09 03:17:54', '', '2023-08-09 03:17:54', 7875000, 23625000),
('99795313-9dd7-4594-b43b-0c146de7d4a0', 'TS00041', 'Máy tính xách tay LG Gram', NULL, NULL, NULL, '59d19422-6657-452e-a7db-e5d54223c257', 'KDTT', 'Phòng kinh doanh và tiếp thị', '148ed882-32b8-218e-9c20-39c2f00615e8', 'MTXT', 'Máy tính xách tay', '2021-05-08 00:00:00', '2021-04-27 00:00:00', 22500000, 1, 7.69, 1730769, 2023, 13, 2021, True, '', '2023-08-09 03:17:54', '', '2023-08-09 03:17:54', 5192308, 17307692),
('9be36125-cd56-476f-85c0-090a51217bc4', 'TS00037', 'Máy bàn MSI Trident', NULL, NULL, NULL, '17120d02-6ab5-3e43-18cb-66948daf6128', 'HR', 'Phòng nhân sự', '1b691e79-236d-5b5a-9d20-39c2f00615e8', 'MB', 'Máy bàn', '2021-07-05 00:00:00', '2021-06-24 00:00:00', 27000000, 7, 7.14, 1928571, 2023, 14, 2021, True, '', '2023-08-09 03:17:54', '', '2023-08-09 03:17:54', 5785714, 21214286),
('9c662908-17c5-4514-8789-d9f2b6be7cb0', 'TS00027', 'Máy bàn Dell OptiPlex', NULL, NULL, NULL, '469b3ece-744a-45d5-957d-e8c757976496', 'NC', 'Phòng nghiên cứu', '1b691e79-236d-5b5a-9d20-39c2f00615e8', 'MB', 'Máy bàn', '2021-07-25 00:00:00', '2021-07-22 00:00:00', 18000000, 2, 16.67, 3000000, 2023, 6, 2021, True, '', '2023-08-09 03:17:54', '', '2023-08-09 03:17:54', 9000000, 9000000),
('9ea78fbd-87fa-43c6-a799-91cf6932f76e', 'TS00007', 'Máy bàn Dell Inspiron', NULL, NULL, NULL, '142cb08f-7c31-21fa-8e90-67245e8b283e', 'TK', 'Phòng thư ký', '1b691e79-236d-5b5a-9d20-39c2f00615e8', 'MB', 'Máy bàn', '2021-04-04 00:00:00', '2021-03-27 00:00:00', 18000000, 3, 7.14, 1285714, 2023, 14, 2021, True, '', '2023-08-09 03:17:54', '', '2023-08-09 03:17:54', 3857143, 14142857),
('a0c4e694-0114-4e28-bc30-751f62bcb4d4', 'TS00045', 'Màn hình Philips 24"', NULL, NULL, NULL, '4e272fc4-7875-78d6-7d32-6a1673ffca7c', 'QL', 'Phòng quản lý', '3700cc49-55b5-69ea-4929-a2925c0f334d', 'MH', 'Màn hình', '2021-07-19 00:00:00', '2021-06-05 00:00:00', 4500000, 3, 8.33, 375000, 2023, 12, 2021, True, '', '2023-08-09 03:17:54', '', '2023-08-09 03:17:54', 1125000, 3375000),
('a2aef6e2-2d8b-48c3-9674-66c980b84e55', 'TS00011', 'Máy tính xách tay HP Spectre', NULL, NULL, NULL, '768f8e64-7d10-20c9-967d-e8c757976496', 'KT', 'Phòng kỹ thuật', '148ed882-32b8-218e-9c20-39c2f00615e8', 'MTXT', 'Máy tính xách tay', '2021-03-06 00:00:00', '2021-02-28 00:00:00', 33750000, 9, 7.14, 2410714, 2023, 14, 2021, True, '', '2023-08-09 03:17:54', '', '2023-08-09 03:17:54', 7232143, 26517857),
('a4968196-7108-4652-a67b-b7e32884df35', 'TS00004', 'Máy ảnh Canon EOS R6', NULL, NULL, NULL, '142cb08f-7c31-21fa-8e90-67245e8b283e', 'TK', 'Phòng thư ký', '354f1b13-17bf-1b52-87d5-ba100c6f7bce', 'MA', 'Máy ảnh', '2021-07-31 00:00:00', '2021-05-09 00:00:00', 56250000, 6, 7.69, 4326923, 2023, 13, 2021, True, '', '2023-08-09 03:17:54', '', '2023-08-09 03:17:54', 12980769, 43269231),
('a6de2d9f-cc59-4b5d-bee4-0652b2c6de11', 'TS00030', 'Màn hình BenQ 24"', NULL, NULL, NULL, '2bbbd485-6df2-536a-7e32-6a1673ffca7c', 'TCTH', 'Phòng tài chính tổng hợp', '3700cc49-55b5-69ea-4929-a2925c0f334d', 'MH', 'Màn hình', '2021-04-13 00:00:00', '2021-04-03 00:00:00', 4500000, 10, 10, 450000, 2023, 10, 2021, True, '', '2023-08-09 03:17:54', '', '2023-08-09 03:17:54', 1350000, 3150000),
('ae96579a-be3c-4e11-a976-a9bd50833009', 'TS00023', 'Điện thoại Xiaomi Mi 11', NULL, NULL, NULL, '59d19422-6657-452e-a7db-e5d54223c257', 'KDTT', 'Phòng kinh doanh và tiếp thị', '25c6c36e-1668-7d10-6e09-bf1378b8dc91', 'ĐT', 'Điện thoại', '2021-07-19 00:00:00', '2021-04-18 00:00:00', 9000000, 10, 9.09, 818182, 2023, 11, 2021, True, '', '2023-08-09 03:17:54', '', '2023-08-09 03:17:54', 2454545, 6545455),
('b4118cd8-af72-44af-b64a-96e65d316d64', 'TS00006', 'Máy tính xách tay Lenovo ThinkPad', NULL, NULL, NULL, '4e272fc4-7875-78d6-7d32-6a1673ffca7c', 'QL', 'Phòng quản lý', '148ed882-32b8-218e-9c20-39c2f00615e8', 'MTXT', 'Máy tính xách tay', '2021-07-05 00:00:00', '2021-05-22 00:00:00', 22500000, 6, 11.11, 2500000, 2023, 9, 2021, True, '', '2023-08-09 03:17:54', '', '2023-08-09 03:17:54', 7500000, 15000000),
('bd566739-9935-467d-bfc3-5d6dcf8c209f', 'TS00009', 'Máy ảnh Nikon D850', NULL, NULL, NULL, '7686595d-16d5-33b3-0080-e8e2a817c80e', 'CNTT', 'Phòng công nghệ thông tin', '354f1b13-17bf-1b52-87d5-ba100c6f7bce', 'MA', 'Máy ảnh', '2021-05-28 00:00:00', '2021-03-21 00:00:00', 49500000, 3, 9.09, 4500000, 2023, 11, 2021, True, '', '2023-08-09 03:17:54', '', '2023-08-09 03:17:54', 13500000, 36000000),
('c4840633-18e2-45df-98cf-248d9c23b15c', 'TS00035', 'Màn hình ViewSonic 32"', NULL, NULL, NULL, '768f8e64-7d10-20c9-967d-e8c757976496', 'KT', 'Phòng kỹ thuật', '3700cc49-55b5-69ea-4929-a2925c0f334d', 'MH', 'Màn hình', '2021-07-30 00:00:00', '2021-02-04 00:00:00', 9000000, 8, 20, 1800000, 2023, 5, 2021, True, '', '2023-08-09 03:17:54', '', '2023-08-09 03:17:54', 5400000, 3600000),
('c5f88196-6758-4c84-8ee5-fb97489ae135', 'TS00046', 'Máy tính xách tay Razer Blade', NULL, NULL, NULL, '7686595d-16d5-33b3-0080-e8e2a817c80e', 'CNTT', 'Phòng công nghệ thông tin', '148ed882-32b8-218e-9c20-39c2f00615e8', 'MTXT', 'Máy tính xách tay', '2021-06-23 00:00:00', '2021-05-01 00:00:00', 31500000, 3, 9.09, 2863636, 2023, 11, 2021, True, '', '2023-08-09 03:17:54', '', '2023-08-09 03:17:54', 8590909, 22909091),
('c94f94e0-3308-4e79-9102-3ac1c5c15ddd', 'TS00013', 'Điện thoại Google Pixel 6', NULL, NULL, NULL, '142cb08f-7c31-21fa-8e90-67245e8b283e', 'TK', 'Phòng thư ký', '25c6c36e-1668-7d10-6e09-bf1378b8dc91', 'ĐT', 'Điện thoại', '2021-06-17 00:00:00', '2021-06-01 00:00:00', 13500000, 8, 10, 1350000, 2023, 10, 2021, True, '', '2023-08-09 03:17:54', '', '2023-08-09 03:17:54', 4050000, 9450000),
('da356322-2129-402d-b92d-3428a227ad43', 'TS00025', 'Màn hình Acer 27"', NULL, NULL, NULL, '7686595d-16d5-33b3-0080-e8e2a817c80e', 'CNTT', 'Phòng công nghệ thông tin', '3700cc49-55b5-69ea-4929-a2925c0f334d', 'MH', 'Màn hình', '2021-05-01 00:00:00', '2021-02-02 00:00:00', 6750000, 6, 9.09, 613636, 2023, 11, 2021, True, '', '2023-08-09 03:17:54', '', '2023-08-09 03:17:54', 1840909, 4909091),
('de57c508-5090-4c8c-9361-ff592661e877', 'TS00043', 'Điện thoại Motorola Edge', NULL, NULL, NULL, '469b3ece-744a-45d5-957d-e8c757976496', 'NC', 'Phòng nghiên cứu', '25c6c36e-1668-7d10-6e09-bf1378b8dc91', 'ĐT', 'Điện thoại', '2021-05-04 00:00:00', '2021-05-02 00:00:00', 9000000, 9, 7.69, 692308, 2023, 13, 2021, True, '', '2023-08-09 03:17:54', '', '2023-08-09 03:17:54', 2076923, 6923077),
('eb75e670-baff-4f3a-a860-5ce0d8b4aefe', 'TS00040', 'Màn hình Asus 27"', NULL, NULL, NULL, '2bbbd485-6df2-536a-7e32-6a1673ffca7c', 'TCTH', 'Phòng tài chính tổng hợp', '3700cc49-55b5-69ea-4929-a2925c0f334d', 'MH', 'Màn hình', '2021-06-20 00:00:00', '2021-02-22 00:00:00', 6750000, 4, 25, 1687500, 2023, 4, 2021, True, '', '2023-08-09 03:17:54', '', '2023-08-09 03:17:54', 5062500, 1687500),
('ed20ca48-1872-442a-9679-83b3698308da', 'TS00001', 'Máy tính xách tay Dell XPS', NULL, NULL, NULL, '11452b0c-768e-5ff7-0d63-eeb1d8ed8cef', 'HCKT', 'Phòng hành chính kế toán', '148ed882-32b8-218e-9c20-39c2f00615e8', 'MTXT', 'Máy tính xách tay', '2021-04-23 00:00:00', '2021-04-02 00:00:00', 27000000, 10, 9.09, 2454545, 2023, 11, 2021, True, '', '2023-08-09 03:16:56', '', '2023-08-09 03:16:55', 7363636, 19636364),
('eea8d95c-415a-4e41-85ce-ee0ce99ab220', 'TS00038', 'Điện thoại Sony Xperia 5', NULL, NULL, NULL, '469b3ece-744a-45d5-957d-e8c757976496', 'NC', 'Phòng nghiên cứu', '25c6c36e-1668-7d10-6e09-bf1378b8dc91', 'ĐT', 'Điện thoại', '2021-04-05 00:00:00', '2021-03-10 00:00:00', 13500000, 1, 8.33, 1125000, 2023, 12, 2021, True, '', '2023-08-09 03:17:54', '', '2023-08-09 03:17:54', 3375000, 10125000),
('f6364426-6c48-4cf7-ad1e-cc50b405d059', 'TS00039', 'Máy ảnh Pentax K-3', NULL, NULL, NULL, '142cb08f-7c31-21fa-8e90-67245e8b283e', 'TK', 'Phòng thư ký', '354f1b13-17bf-1b52-87d5-ba100c6f7bce', 'MA', 'Máy ảnh', '2021-07-01 00:00:00', '2021-04-08 00:00:00', 27000000, 2, 6.67, 1800000, 2023, 15, 2021, True, '', '2023-08-09 03:17:54', '', '2023-08-09 03:17:54', 5400000, 21600000),
('f759bff0-4c86-43cd-a64f-c2c72b6f6c84', 'TS00020', 'Màn hình HP 22"', NULL, NULL, NULL, '142cb08f-7c31-21fa-8e90-67245e8b283e', 'TK', 'Phòng thư ký', '3700cc49-55b5-69ea-4929-a2925c0f334d', 'MH', 'Màn hình', '2021-05-10 00:00:00', '2021-04-11 00:00:00', 4500000, 4, 16.67, 750000, 2023, 6, 2021, True, '', '2023-08-09 03:17:54', '', '2023-08-09 03:17:54', 2250000, 2250000),
('f7872b2f-eb79-4494-81bb-2fd6db56ae0a', 'TS00044', 'Máy ảnh GoPro HERO9', NULL, NULL, NULL, '768f8e64-7d10-20c9-967d-e8c757976496', 'KT', 'Phòng kỹ thuật', '354f1b13-17bf-1b52-87d5-ba100c6f7bce', 'MA', 'Máy ảnh', '2021-06-22 00:00:00', '2021-05-03 00:00:00', 9000000, 10, 6.67, 600000, 2023, 15, 2021, True, '', '2023-08-09 03:17:54', '', '2023-08-09 03:17:54', 1800000, 7200000);

-- 
-- Restore previous SQL mode
-- 
/*!40101 SET SQL_MODE=@OLD_SQL_MODE */;

-- 
-- Enable foreign keys
-- 
/*!40014 SET FOREIGN_KEY_CHECKS = @OLD_FOREIGN_KEY_CHECKS */;