--
-- Script was generated by Devart dbForge Studio 2020 for MySQL, Version 9.0.338.0
-- Product home page: http://www.devart.com/dbforge/mysql/studio
-- Script date 9/17/2023 5:04:07 PM
-- Server version: 10.5.21
-- Client version: 4.1
--

-- 
-- Disable foreign keys
-- 
/*!40014 SET @OLD_FOREIGN_KEY_CHECKS=@@FOREIGN_KEY_CHECKS, FOREIGN_KEY_CHECKS=0 */;

-- 
-- Set SQL mode
-- 
/*!40101 SET @OLD_SQL_MODE=@@SQL_MODE, SQL_MODE='NO_AUTO_VALUE_ON_ZERO' */;

-- 
-- Set character set the client will use to send SQL statements to the server
--
SET NAMES 'utf8';

--
-- Set default database
--
USE `misa.qlts.mf1681.vtahoang`;

--
-- Drop procedure `Proc_asset_increase_voucher_detail_Delete`
--
DROP PROCEDURE IF EXISTS Proc_asset_increase_voucher_detail_Delete;

--
-- Drop procedure `Proc_fixed_asset_InsertMany`
--
DROP PROCEDURE IF EXISTS Proc_fixed_asset_InsertMany;

--
-- Drop procedure `Proc_GetFilter`
--
DROP PROCEDURE IF EXISTS Proc_GetFilter;

--
-- Drop procedure `Proc_GetTotalRecords`
--
DROP PROCEDURE IF EXISTS Proc_GetTotalRecords;

--
-- Drop table `user`
--
DROP TABLE IF EXISTS user;

--
-- Drop procedure `Proc_asset_increase_voucher_detail_Get`
--
DROP PROCEDURE IF EXISTS Proc_asset_increase_voucher_detail_Get;

--
-- Drop procedure `Proc_asset_increase_voucher_detail_GetAll`
--
DROP PROCEDURE IF EXISTS Proc_asset_increase_voucher_detail_GetAll;

--
-- Drop procedure `Proc_asset_increase_voucher_Update`
--
DROP PROCEDURE IF EXISTS Proc_asset_increase_voucher_Update;

--
-- Drop procedure `Proc_fixed_asset_Update`
--
DROP PROCEDURE IF EXISTS Proc_fixed_asset_Update;

--
-- Drop table `asset_increase_voucher_detail`
--
DROP TABLE IF EXISTS asset_increase_voucher_detail;

--
-- Drop procedure `Proc_asset_increase_voucher_Get`
--
DROP PROCEDURE IF EXISTS Proc_asset_increase_voucher_Get;

--
-- Drop procedure `Proc_asset_increase_voucher_GetAll`
--
DROP PROCEDURE IF EXISTS Proc_asset_increase_voucher_GetAll;

--
-- Drop procedure `Proc_asset_increase_voucher_Insert`
--
DROP PROCEDURE IF EXISTS Proc_asset_increase_voucher_Insert;

--
-- Drop table `asset_increase_voucher`
--
DROP TABLE IF EXISTS asset_increase_voucher;

--
-- Drop procedure `Proc_auto_id_update`
--
DROP PROCEDURE IF EXISTS Proc_auto_id_update;

--
-- Drop table `auto_id`
--
DROP TABLE IF EXISTS auto_id;

--
-- Drop procedure `Proc_budget_category_Get`
--
DROP PROCEDURE IF EXISTS Proc_budget_category_Get;

--
-- Drop procedure `Proc_budget_category_GetAll`
--
DROP PROCEDURE IF EXISTS Proc_budget_category_GetAll;

--
-- Drop table `budget_category`
--
DROP TABLE IF EXISTS budget_category;

--
-- Drop procedure `Proc_fixed_asset_Get`
--
DROP PROCEDURE IF EXISTS Proc_fixed_asset_Get;

--
-- Drop procedure `Proc_fixed_asset_GetAll`
--
DROP PROCEDURE IF EXISTS Proc_fixed_asset_GetAll;

--
-- Drop procedure `Proc_fixed_asset_GetDefaultCode`
--
DROP PROCEDURE IF EXISTS Proc_fixed_asset_GetDefaultCode;

--
-- Drop procedure `Proc_fixed_asset_Insert`
--
DROP PROCEDURE IF EXISTS Proc_fixed_asset_Insert;

--
-- Drop table `fixed_asset`
--
DROP TABLE IF EXISTS fixed_asset;

--
-- Drop procedure `Proc_department_Get`
--
DROP PROCEDURE IF EXISTS Proc_department_Get;

--
-- Drop procedure `Proc_department_GetAll`
--
DROP PROCEDURE IF EXISTS Proc_department_GetAll;

--
-- Drop procedure `Proc_department_Insert`
--
DROP PROCEDURE IF EXISTS Proc_department_Insert;

--
-- Drop procedure `Proc_department_Update`
--
DROP PROCEDURE IF EXISTS Proc_department_Update;

--
-- Drop table `department`
--
DROP TABLE IF EXISTS department;

--
-- Drop procedure `Proc_fixed_asset_category_Get`
--
DROP PROCEDURE IF EXISTS Proc_fixed_asset_category_Get;

--
-- Drop procedure `Proc_fixed_asset_category_GetAll`
--
DROP PROCEDURE IF EXISTS Proc_fixed_asset_category_GetAll;

--
-- Drop table `fixed_asset_category`
--
DROP TABLE IF EXISTS fixed_asset_category;

--
-- Set default database
--
USE `misa.qlts.mf1681.vtahoang`;

--
-- Create table `fixed_asset_category`
--
CREATE TABLE fixed_asset_category (
  fixed_asset_category_id char(36) NOT NULL COMMENT 'Id loại tài sản',
  fixed_asset_category_code varchar(50) DEFAULT NULL COMMENT 'Mã loại tài sản',
  fixed_asset_category_name varchar(255) DEFAULT NULL COMMENT 'Tên loại tài sản',
  organization_id char(36) DEFAULT NULL COMMENT 'Id của đơn vị',
  depreciation_rate float DEFAULT NULL COMMENT 'Tỷ lệ hao mòn (%)',
  life_time int(11) DEFAULT NULL COMMENT 'Số năm sử dụng ',
  description varchar(500) DEFAULT NULL COMMENT 'Ghi chú',
  created_by varchar(50) DEFAULT NULL COMMENT 'Người tạo',
  created_date datetime DEFAULT CURRENT_TIMESTAMP() COMMENT 'Ngày tạo',
  modified_by varchar(50) DEFAULT NULL COMMENT 'Người sửa',
  modified_date datetime DEFAULT CURRENT_TIMESTAMP() COMMENT 'Ngày sửa',
  PRIMARY KEY (fixed_asset_category_id)
)
ENGINE = INNODB,
AVG_ROW_LENGTH = 3276,
CHARACTER SET utf8mb4,
COLLATE utf8mb4_general_ci,
COMMENT = 'Loại tài sản';

--
-- Create index `UK_fixed_asset_category_fixed_asset_category_code` on table `fixed_asset_category`
--
ALTER TABLE fixed_asset_category
ADD UNIQUE INDEX UK_fixed_asset_category_fixed_asset_category_code (fixed_asset_category_code);

--
-- Create index `UK_fixed_asset_category_fixed_asset_category_id` on table `fixed_asset_category`
--
ALTER TABLE fixed_asset_category
ADD UNIQUE INDEX UK_fixed_asset_category_fixed_asset_category_id (fixed_asset_category_id);

DELIMITER $$

--
-- Create procedure `Proc_fixed_asset_category_GetAll`
--
CREATE DEFINER = 'root'@'localhost'
PROCEDURE Proc_fixed_asset_category_GetAll ()
BEGIN
  -- Store lấy danh sách loại tài sản
  -- Created by vtahoang 27.07.2023
  -- Call Proc_fixed_asset_category_GetAll();
  SELECT
    fac.fixed_asset_category_id,
    fac.fixed_asset_category_code,
    fac.fixed_asset_category_name,
    fac.depreciation_rate,
    fac.life_time
  FROM fixed_asset_category fac;
END
$$

--
-- Create procedure `Proc_fixed_asset_category_Get`
--
CREATE DEFINER = 'root'@'localhost'
PROCEDURE Proc_fixed_asset_category_Get (IN $id char(36))
BEGIN
  -- Store lấy thông tin một loại tài sản
  -- Created by vtahoang 27.07.2023
  -- Call Proc_fixed_asset_category_Get("148ed882-32b8-218e-9c20-39c2f00615e8");
  SELECT
    fac.fixed_asset_category_id,
    fac.fixed_asset_category_code,
    fac.fixed_asset_category_name,
    fac.depreciation_rate,
    fac.life_time
  FROM fixed_asset_category fac
  WHERE fac.fixed_asset_category_id = $id;
END
$$

DELIMITER ;

--
-- Create table `department`
--
CREATE TABLE department (
  department_id char(36) NOT NULL,
  department_code varchar(50) DEFAULT NULL COMMENT 'Mã của phòng ban',
  department_name varchar(255) DEFAULT NULL COMMENT 'Tên phòng ban',
  description varchar(500) DEFAULT NULL COMMENT 'Ghi chú',
  is_parent bit(1) DEFAULT NULL COMMENT 'Có phải là cha không',
  parent_id char(36) DEFAULT NULL COMMENT 'Id phòng ban cha',
  organization_id char(36) DEFAULT NULL COMMENT 'Id của đơn vị',
  created_by varchar(50) DEFAULT NULL COMMENT 'Người tạo',
  created_date datetime DEFAULT CURRENT_TIMESTAMP() COMMENT 'Ngày tạo',
  modified_by varchar(50) DEFAULT NULL COMMENT 'Người sửa',
  modified_date datetime DEFAULT CURRENT_TIMESTAMP() COMMENT 'Ngày sửa',
  PRIMARY KEY (department_id)
)
ENGINE = INNODB,
AVG_ROW_LENGTH = 1638,
CHARACTER SET utf8mb4,
COLLATE utf8mb4_general_ci,
COMMENT = 'Danh mục phòng ban';

--
-- Create index `UK_department_department_code` on table `department`
--
ALTER TABLE department
ADD UNIQUE INDEX UK_department_department_code (department_code);

--
-- Create index `UK_department_department_id` on table `department`
--
ALTER TABLE department
ADD UNIQUE INDEX UK_department_department_id (department_id);

DELIMITER $$

--
-- Create procedure `Proc_department_Update`
--
CREATE PROCEDURE Proc_department_Update (IN $id char(36), IN $department_name varchar(255), IN $department_code varchar(50))
SQL SECURITY INVOKER
BEGIN
  -- Store sửa thông tin phòng ban
  -- Created by vtahoang 27.07.2023
  -- Call Proc_department_Update("9214628d-a6e6-93c0-1704-bf4db4d0fc95", "ED", "Edited department name");
  UPDATE department
  SET department_code = department_code,
      department_name = department_name
  WHERE department_id = id;
END
$$

--
-- Create procedure `Proc_department_Insert`
--
CREATE PROCEDURE Proc_department_Insert (IN $department_id char(36), IN $department_name varchar(255), IN $department_code varchar(50))
SQL SECURITY INVOKER
BEGIN
  -- Store thêm phòng ban mới
  -- Created by vtahoang 27.07.2023
  -- Call Proc_department_Insert("9214628d-a6e6-93c0-1704-bf4db4d0fc95", "ND", "New department name");
  INSERT INTO department (department_id, department_code, department_name)
    VALUES ($department_id, $department_code, $department_name);
END
$$

--
-- Create procedure `Proc_department_GetAll`
--
CREATE PROCEDURE Proc_department_GetAll ()
SQL SECURITY INVOKER
BEGIN
  -- Store lấy dữ liệu tất cả phòng ban
  -- Created by vtahoang 27.07.2023
  -- Call Proc_department_GetAll();
  SELECT
    department_id,
    department_code,
    department_name
  FROM department;
END
$$

--
-- Create procedure `Proc_department_Get`
--
CREATE PROCEDURE Proc_department_Get (IN $id char(36))
SQL SECURITY INVOKER
BEGIN
  -- Store lấy dữ liệu một phòng ban
  -- Created by vtahoang 27.07.2023
  -- Call Proc_department_Get('469b3ece-744a-45d5-957d-e8c757976496');
  SELECT
    department_id,
    department_code,
    department_name
  FROM department
  WHERE department_id = id;
END
$$

DELIMITER ;

--
-- Create table `fixed_asset`
--
CREATE TABLE fixed_asset (
  fixed_asset_id char(36) NOT NULL COMMENT 'Id tài sản',
  fixed_asset_code varchar(100) DEFAULT NULL COMMENT 'Mã tài sản',
  fixed_asset_name varchar(255) DEFAULT NULL COMMENT 'Tên tài sản',
  organization_id char(36) DEFAULT NULL COMMENT 'Id của đơn vị',
  organization_code varchar(50) DEFAULT NULL COMMENT 'Mã đơn vị',
  organization_name varchar(255) DEFAULT NULL COMMENT 'Tên của đơn vị',
  department_id char(36) DEFAULT NULL COMMENT 'Id phòng ban',
  department_code varchar(50) DEFAULT NULL COMMENT 'Mã phòng ban',
  department_name varchar(255) DEFAULT NULL COMMENT 'Tên phòng ban',
  fixed_asset_category_id char(36) DEFAULT NULL COMMENT 'Id loại tài sản',
  fixed_asset_category_code varchar(50) DEFAULT NULL COMMENT 'Mã loại tài sản',
  fixed_asset_category_name varchar(255) DEFAULT NULL COMMENT 'Tên loại tài sản',
  start_using_date datetime DEFAULT CURRENT_TIMESTAMP() COMMENT 'Ngày bắt đầu sử dụng',
  purchase_date datetime DEFAULT CURRENT_TIMESTAMP() COMMENT 'Ngày mua',
  cost decimal(19, 0) DEFAULT NULL COMMENT 'nguyên giá',
  quantity int(11) DEFAULT 0 COMMENT 'Số lượng',
  depreciation_rate float DEFAULT NULL COMMENT 'Tỷ lệ hao mòn (%)',
  depreciation_value_year decimal(19, 0) DEFAULT NULL COMMENT 'Giá trị hao mòn năm',
  tracked_year int(11) DEFAULT NULL COMMENT 'Năm bắt đầu theo dõi tài sản trên phần mềm',
  life_time int(11) DEFAULT NULL COMMENT 'Số năm sử dụng ',
  production_year int(11) DEFAULT NULL COMMENT 'Năm sử dụng',
  active bit(1) DEFAULT b'0' COMMENT 'Sử dụng',
  budget longtext binary CHARACTER SET utf8mb4 COLLATE utf8mb4_bin DEFAULT NULL CHECK (JSON_VALID(`budget`)),
  created_by varchar(50) DEFAULT NULL COMMENT 'Người tạo',
  created_date datetime DEFAULT CURRENT_TIMESTAMP() COMMENT 'Ngày tạo',
  modified_by varchar(50) DEFAULT NULL COMMENT 'Người sửa',
  modified_date datetime DEFAULT CURRENT_TIMESTAMP() COMMENT 'Ngày sửa',
  accumulated_depreciation decimal(19, 0) DEFAULT NULL COMMENT 'Khấu hao luỹ kế',
  remaining_value decimal(19, 0) DEFAULT NULL COMMENT 'Giá trị còn lại',
  PRIMARY KEY (fixed_asset_id)
)
ENGINE = INNODB,
AVG_ROW_LENGTH = 2978,
CHARACTER SET utf8mb4,
COLLATE utf8mb4_general_ci;

--
-- Create index `IDX_fixed_asset_created_date` on table `fixed_asset`
--
ALTER TABLE fixed_asset
ADD INDEX IDX_fixed_asset_created_date (created_date);

--
-- Create index `UK_fixed_asset_fixed_asset_code` on table `fixed_asset`
--
ALTER TABLE fixed_asset
ADD UNIQUE INDEX UK_fixed_asset_fixed_asset_code (fixed_asset_code);

--
-- Create index `UK_fixed_asset_fixed_asset_id` on table `fixed_asset`
--
ALTER TABLE fixed_asset
ADD UNIQUE INDEX UK_fixed_asset_fixed_asset_id (fixed_asset_id);

--
-- Create foreign key
--
ALTER TABLE fixed_asset
ADD CONSTRAINT FK_fixed_asset_department_department_id FOREIGN KEY (department_id)
REFERENCES department (department_id) ON DELETE NO ACTION ON UPDATE NO ACTION;

--
-- Create foreign key
--
ALTER TABLE fixed_asset
ADD CONSTRAINT FK_fixed_asset_fixed_asset_category_fixed_asset_category_id FOREIGN KEY (fixed_asset_category_id)
REFERENCES fixed_asset_category (fixed_asset_category_id) ON DELETE NO ACTION ON UPDATE NO ACTION;

DELIMITER $$

--
-- Create procedure `Proc_fixed_asset_Insert`
--
CREATE DEFINER = 'root'@'localhost'
PROCEDURE Proc_fixed_asset_Insert (IN $fixed_asset_name varchar(255), IN $fixed_asset_code varchar(50), IN $department_id char(36), IN $department_name varchar(255), IN $department_code varchar(50), IN $fixed_asset_category_id char(36), IN $fixed_asset_category_name varchar(255), IN $fixed_asset_category_code varchar(50), IN $purchase_date datetime, IN $cost decimal(19, 4), IN $quantity int, IN $depreciation_rate float, IN $tracked_year int, IN $life_time int, IN $production_year int, IN $active bit, IN $created_by varchar(50), IN $created_date datetime, IN $modified_by varchar(50), IN $modified_date datetime, IN $fixed_asset_id char(36), IN $start_using_date datetime, IN $depreciation_value_year decimal(19, 4), IN $accumulated_depreciation decimal(19, 4), IN $remaining_value decimal(19, 4), IN $budget longtext)
BEGIN
  -- Store tạo tài sản mới 
  -- Created by vtahoang 27.07.2023
  -- Call Proc_fixed_asset_Insert('test', 'TS00500', '59d19422-6657-452e-a7db-e5d54223c257', 'Phòng kinh doanh và tiếp thị', 'KDTT', '3e9ce051-3625-11ee-a2e3-d45d64601179', 'Máy in', 'MI', NULL, NULL, NULL, NULL, NULL, NULL, NULL, null, NULL, NULL, NULL, NULL, 'dd13594b-36d6-11ee-a2e3-d45d64601179', NULL, NULL, NULL, NULL)
  INSERT INTO fixed_asset (fixed_asset_id, fixed_asset_code, fixed_asset_name, department_id, department_code, department_name, fixed_asset_category_id, fixed_asset_category_code, fixed_asset_category_name, start_using_date, purchase_date, cost, quantity, depreciation_rate, depreciation_value_year, tracked_year, life_time, production_year, active, created_by, created_date, modified_by, modified_date, accumulated_depreciation, remaining_value, budget)
    VALUES ($fixed_asset_id, $fixed_asset_code, $fixed_asset_name, $department_id, $department_code, $department_name, $fixed_asset_category_id, $fixed_asset_category_code, $fixed_asset_category_name, $start_using_date, $purchase_date, $cost, $quantity, $depreciation_rate, $depreciation_value_year, $tracked_year, $life_time, $production_year, $active, $created_by, $created_date, $modified_by, $modified_date, $accumulated_depreciation, $remaining_value, $budget);
END
$$

--
-- Create procedure `Proc_fixed_asset_GetDefaultCode`
--
CREATE DEFINER = 'root'@'localhost'
PROCEDURE Proc_fixed_asset_GetDefaultCode (IN $prefix varchar(255), IN $suffix varchar(255), IN $base_value int, IN $length int)
BEGIN
  -- Store sinh mã code tự động theo mã code mới tạo trước đó
  -- Created by vtahoang 05.08.2023
  -- Call Proc_fixed_asset_GetDefaultCode('TS', 'AS', 1, 5)
  DECLARE $code varchar(255);
  DECLARE $code_exists int;

  SET $code_exists = 1;

  WHILE $code_exists > 0 DO
    SET $base_value = $base_value + 1;
    SET $code = CONCAT($prefix, LPAD($base_value, $length, '0'), $suffix);
    SELECT
      COUNT(*) INTO $code_exists
    FROM fixed_asset fa
    WHERE fa.fixed_asset_code = $code;
  END WHILE;

  SELECT
    $code;

END
$$

--
-- Create procedure `Proc_fixed_asset_GetAll`
--
CREATE DEFINER = 'root'@'localhost'
PROCEDURE Proc_fixed_asset_GetAll ()
BEGIN
  -- Store lấy tất cả bản ghi
  -- Created by vtahoang 27.07.2023
  -- CALL Proc_fixed_asset_GetAll();
  SELECT
    fixed_asset_id,
    fixed_asset_code,
    fixed_asset_name,
    department_id,
    department_code,
    department_name,
    fixed_asset_category_id,
    fixed_asset_category_code,
    fixed_asset_category_name,
    start_using_date,
    purchase_date,
    cost,
    quantity,
    depreciation_rate,
    depreciation_value_year,
    tracked_year,
    life_time,
    production_year,
    accumulated_depreciation,
    remaining_value,
    fa.budget
  FROM fixed_asset fa;
END
$$

--
-- Create procedure `Proc_fixed_asset_Get`
--
CREATE DEFINER = 'root'@'localhost'
PROCEDURE Proc_fixed_asset_Get (IN $id varchar(255))
BEGIN
  -- Store lấy bản ghi theo id
  -- Created by vtahoang 27.07.2023
  -- CALL Proc_fixed_asset_Get("46023a68-069d-4943-af23-5de68bafd23b");
  SELECT
    fixed_asset_id,
    fixed_asset_code,
    fixed_asset_name,
    department_id,
    department_code,
    department_name,
    fixed_asset_category_id,
    fixed_asset_category_code,
    fixed_asset_category_name,
    start_using_date,
    purchase_date,
    cost,
    quantity,
    depreciation_rate,
    depreciation_value_year,
    tracked_year,
    life_time,
    production_year,
    accumulated_depreciation,
    remaining_value,
    fa.budget
  FROM fixed_asset fa
  WHERE fa.fixed_asset_id = $id;
END
$$

DELIMITER ;

--
-- Create table `budget_category`
--
CREATE TABLE budget_category (
  budget_category_id char(36) NOT NULL DEFAULT '' COMMENT 'Id ngân sách',
  budget_category_name varchar(255) DEFAULT NULL COMMENT 'Tên ngân sách',
  budget_category_code varchar(255) DEFAULT NULL COMMENT 'Mã ngân sách',
  PRIMARY KEY (budget_category_id)
)
ENGINE = INNODB,
AVG_ROW_LENGTH = 2340,
CHARACTER SET utf8mb4,
COLLATE utf8mb4_general_ci;

DELIMITER $$

--
-- Create procedure `Proc_budget_category_GetAll`
--
CREATE DEFINER = 'root'@'localhost'
PROCEDURE Proc_budget_category_GetAll ()
BEGIN
  -- Store lấy tất cả ngân sách
  -- Created by vtahoang 24.08.2023
  -- Call Proc_budget_category_GetAll()
  SELECT
    *
  FROM budget_category bc;
END
$$

--
-- Create procedure `Proc_budget_category_Get`
--
CREATE DEFINER = 'root'@'localhost'
PROCEDURE Proc_budget_category_Get (IN $id char(36))
BEGIN
  -- Store lấy danh sách ngân sách theo id
  -- Created by vtahoang 24.08.2023
  -- Call Proc_budget_category_Get('11452b0c-768e-5ff7-0d63-eeb1d8ed8cef')
  SELECT
    *
  FROM budget_category bc
  WHERE bc.budget_category_id = $id;
END
$$

DELIMITER ;

--
-- Create table `auto_id`
--
CREATE TABLE auto_id (
  table_name varchar(255) NOT NULL DEFAULT '' COMMENT 'Tên bảng',
  prefix varchar(255) DEFAULT NULL COMMENT 'Tiền tố',
  suffix varchar(255) DEFAULT NULL COMMENT 'Hậu tố',
  base_value int(11) NOT NULL COMMENT 'Giá trị số',
  value_length int(11) DEFAULT NULL COMMENT 'Độ dài giá trị số',
  PRIMARY KEY (table_name)
)
ENGINE = INNODB,
AVG_ROW_LENGTH = 16384,
CHARACTER SET utf8mb4,
COLLATE utf8mb4_general_ci;

--
-- Create index `UK_auto_id_table` on table `auto_id`
--
ALTER TABLE auto_id
ADD UNIQUE INDEX UK_auto_id_table (table_name);

DELIMITER $$

--
-- Create procedure `Proc_auto_id_update`
--
CREATE DEFINER = 'root'@'localhost'
PROCEDURE Proc_auto_id_update (IN $table_name varchar(255), IN $prefix varchar(255), IN $suffix varchar(255), IN $base_value int, IN $value_length int)
BEGIN
  INSERT INTO auto_id (table_name, prefix, suffix, base_value, value_length)
    VALUES ($table_name, $prefix, $suffix, $base_value, $value_length)
  ON DUPLICATE KEY UPDATE table_name = $table_name, prefix = $prefix, suffix = $suffix, base_value = $base_value, value_length = $value_length;
END
$$

DELIMITER ;

--
-- Create table `asset_increase_voucher`
--
CREATE TABLE asset_increase_voucher (
  ref_id char(36) NOT NULL DEFAULT '' COMMENT 'Định danh chứng từ',
  ref_no varchar(50) DEFAULT NULL COMMENT 'Mã chứng từ',
  ref_date datetime DEFAULT NULL COMMENT 'Ngày bắt đầu sử dụng',
  increase_date datetime DEFAULT NULL COMMENT 'Ngày ghi tăng',
  total_cost decimal(19, 0) DEFAULT NULL COMMENT 'Tổng nguyên giá',
  note varchar(255) DEFAULT NULL COMMENT 'Ghi chú',
  created_by varchar(255) DEFAULT NULL COMMENT 'Người tạo',
  created_date datetime DEFAULT CURRENT_TIMESTAMP() COMMENT 'Ngày tạo',
  modified_by varchar(255) DEFAULT NULL COMMENT 'Người sửa',
  modified_date datetime DEFAULT CURRENT_TIMESTAMP() COMMENT 'Ngày sửa',
  PRIMARY KEY (ref_id)
)
ENGINE = INNODB,
AVG_ROW_LENGTH = 3276,
CHARACTER SET utf8mb4,
COLLATE utf8mb4_general_ci;

--
-- Create index `UK_asset_increase_voucher_ref_id` on table `asset_increase_voucher`
--
ALTER TABLE asset_increase_voucher
ADD UNIQUE INDEX UK_asset_increase_voucher_ref_id (ref_id);

DELIMITER $$

--
-- Create procedure `Proc_asset_increase_voucher_Insert`
--
CREATE DEFINER = 'root'@'localhost'
PROCEDURE Proc_asset_increase_voucher_Insert (IN $ref_id char(36), IN $ref_no varchar(50), IN $ref_date datetime, IN $increase_date datetime, IN $note varchar(255), IN $created_by varchar(255), IN $created_date datetime, IN $modified_by varchar(255), IN $modified_date datetime, IN $total_cost decimal(19, 0))
BEGIN
  -- Store tạo chứng từ ghi tăng mới
  -- Created by vtahoang 21.08.2023
  -- CALL Proc_asset_increase_voucher_Insert('469b3ece-744a-45d5-957d-e8c757976496', 'test', NULL, NULL, NULL, NULL, NULL, NULL, NULL)
  INSERT INTO asset_increase_voucher (ref_id, ref_no, ref_date, increase_date, note, created_by, created_date, modified_by, modified_date, total_cost)
    VALUES ($ref_id, $ref_no, $ref_date, $increase_date, $note, $created_by, $created_date, $modified_by, $modified_date, $total_cost);
END
$$

--
-- Create procedure `Proc_asset_increase_voucher_GetAll`
--
CREATE DEFINER = 'root'@'localhost'
PROCEDURE Proc_asset_increase_voucher_GetAll ()
BEGIN
  -- Store lấy tất cả bản ghi của chứng từ ghi tăng
  -- Created by vtahoang 21.08.2023
  -- Call Proc_asset_increase_voucher_GetAll()
  SELECT
    *
  FROM asset_increase_voucher aiv;
END
$$

--
-- Create procedure `Proc_asset_increase_voucher_Get`
--
CREATE DEFINER = 'root'@'localhost'
PROCEDURE Proc_asset_increase_voucher_Get (IN $id char(36))
BEGIN
  -- Store lấy bản ghi theo id
  -- Created by vtahoang 21.08.2023
  -- Call Proc_asset_increase_voucher_Get('469b3ece-744a-45d5-957d-e8c757976496')
  SELECT
    *
  FROM asset_increase_voucher aiv
  WHERE aiv.ref_id = $id;
END
$$

DELIMITER ;

--
-- Create table `asset_increase_voucher_detail`
--
CREATE TABLE asset_increase_voucher_detail (
  ref_detail_id char(36) NOT NULL DEFAULT '' COMMENT 'Định danh chi tiết ghi tăng',
  ref_id char(36) DEFAULT NULL COMMENT 'Định danh chứng từ ghi tăng',
  ref_no varchar(50) DEFAULT NULL COMMENT 'Mã chứng từ ghi tăng',
  fixed_asset_id char(36) DEFAULT NULL COMMENT 'Định danh tài sản ghi tăng',
  fixed_asset_code varchar(100) DEFAULT NULL COMMENT 'Mã tài sản',
  fixed_asset_name varchar(255) DEFAULT NULL COMMENT 'Tên tài sản',
  department_name varchar(255) DEFAULT NULL COMMENT 'Bộ phận sử dụng',
  cost decimal(18, 4) DEFAULT NULL COMMENT 'Nguyên giá',
  depreciation_value_year decimal(18, 4) DEFAULT NULL COMMENT 'Hao mòn năm',
  remaining_value decimal(18, 4) DEFAULT NULL COMMENT 'Giá trị còn lại',
  PRIMARY KEY (ref_detail_id)
)
ENGINE = INNODB,
AVG_ROW_LENGTH = 552,
CHARACTER SET utf8mb4,
COLLATE utf8mb4_general_ci;

--
-- Create index `UK_asset_increase_voucher_detail_detail_id` on table `asset_increase_voucher_detail`
--
ALTER TABLE asset_increase_voucher_detail
ADD UNIQUE INDEX UK_asset_increase_voucher_detail_detail_id (ref_detail_id);

--
-- Create foreign key
--
ALTER TABLE asset_increase_voucher_detail
ADD CONSTRAINT FK_asset_increase_voucher_detail_fixed_asset_id FOREIGN KEY (fixed_asset_id)
REFERENCES fixed_asset (fixed_asset_id) ON DELETE NO ACTION;

--
-- Create foreign key
--
ALTER TABLE asset_increase_voucher_detail
ADD CONSTRAINT FK_asset_increase_voucher_detail_ref_id FOREIGN KEY (ref_id)
REFERENCES asset_increase_voucher (ref_id) ON DELETE NO ACTION;

DELIMITER $$

--
-- Create procedure `Proc_fixed_asset_Update`
--
CREATE PROCEDURE Proc_fixed_asset_Update (IN $fixed_asset_name varchar(255), IN $fixed_asset_code varchar(50), IN $department_id char(36), IN $department_name varchar(255), IN $department_code varchar(50), IN $fixed_asset_category_id char(36), IN $fixed_asset_category_name varchar(255), IN $fixed_asset_category_code varchar(50), IN $purchase_date timestamp, IN $cost decimal(19, 4), IN $quantity int, IN $depreciation_rate float, IN $tracked_year int, IN $life_time int, IN $production_year int, IN $active bit, IN $created_by varchar(50), IN $created_date timestamp, IN $modified_by varchar(50), IN $modified_date timestamp, IN $fixed_asset_id char(36), IN $start_using_date datetime, IN $depreciation_value_year decimal(19, 4), IN $accumulated_depreciation decimal(19, 4), IN $remaining_value decimal(19, 4), IN $budget longtext)
SQL SECURITY INVOKER
BEGIN
  -- Store sửa tài sản cũ
  -- Created by vtahoang 27.07.2023
  -- Call Proc_fixed_asset_Update('test', 'TS00500', '59d19422-6657-452e-a7db-e5d54223c257', 'Phòng kinh doanh và tiếp thị', 'KDTT', '3e9ce051-3625-11ee-a2e3-d45d64601179', 'Máy in', 'MI', NULL, NULL, NULL, NULL, NULL, NULL, NULL, null, NULL, NULL, NULL, NULL, 'dd13594b-36d6-11ee-a2e3-d45d64601179', NULL, NULL, NULL, NULL)
  DECLARE temp_ref_id char(36);
  DECLARE temp_cost decimal(19, 4);

  -- Cập nhật bảng fixed_asset
  UPDATE fixed_asset fa
  SET fixed_asset_code = $fixed_asset_code,
      fixed_asset_name = $fixed_asset_name,
      department_id = $department_id,
      department_code = $department_code,
      department_name = $department_name,
      fixed_asset_category_id = $fixed_asset_category_id,
      fixed_asset_category_code = $fixed_asset_category_code,
      fixed_asset_category_name = $fixed_asset_category_name,
      start_using_date = $start_using_date,
      purchase_date = $purchase_date,
      cost = $cost,
      quantity = $quantity,
      depreciation_rate = $depreciation_rate,
      tracked_year = $tracked_year,
      life_time = $life_time,
      production_year = $production_year,
      modified_by = $modified_by,
      modified_date = $modified_date,
      start_using_date = $start_using_date,
      depreciation_value_year = $depreciation_value_year,
      accumulated_depreciation = $accumulated_depreciation,
      remaining_value = $remaining_value,
      fa.budget = $budget
  WHERE fa.fixed_asset_id = $fixed_asset_id;

  -- Cập nhật bảng detail ghi tăng
  UPDATE asset_increase_voucher_detail aivd
  SET aivd.fixed_asset_code = $fixed_asset_code,
      aivd.fixed_asset_name = $fixed_asset_name,
      aivd.department_name = $department_name,
      aivd.cost = $cost,
      aivd.depreciation_value_year = $depreciation_value_year,
      aivd.remaining_value = $remaining_value
  WHERE aivd.fixed_asset_id = $fixed_asset_id;

  -- Update tổng nguyên giá detail voucher
  SELECT
    ref_id INTO temp_ref_id
  FROM asset_increase_voucher_detail aivd
  WHERE aivd.fixed_asset_id = $fixed_asset_id;

  SELECT
    SUM(aivd.cost) INTO temp_cost
  FROM asset_increase_voucher_detail aivd
  WHERE aivd.ref_id = temp_ref_id;

  UPDATE asset_increase_voucher aiv
  SET aiv.total_cost = temp_cost
  WHERE aiv.ref_id = temp_ref_id;

END
$$

--
-- Create procedure `Proc_asset_increase_voucher_Update`
--
CREATE DEFINER = 'root'@'localhost'
PROCEDURE Proc_asset_increase_voucher_Update (IN $ref_id char(36), IN $ref_no varchar(50), IN $ref_date datetime, IN $increase_date datetime, IN $note varchar(255), IN $created_by varchar(255), IN $created_date datetime, IN $modified_by varchar(255), IN $modified_date datetime, IN $total_cost decimal(19, 0))
BEGIN
  -- Store cập nhật chứng từ ghi tăng 
  -- Created by vtahoang 21.08.2023
  -- CALL Proc_asset_increase_voucher_Update('469b3ece-744a-45d5-957d-e8c757976496', 'test2', NULL, NULL, NULL, NULL, NULL, NULL, NULL)
  UPDATE asset_increase_voucher aiv
  SET ref_no = $ref_no,
      ref_date = $ref_date,
      increase_date = $increase_date,
      note = $note,
      modified_by = $modified_by,
      modified_date = $modified_date,
      aiv.total_cost = $total_cost
  WHERE aiv.ref_id = $ref_id;
  UPDATE asset_increase_voucher_detail aivd
  SET aivd.ref_no = $ref_no
  WHERE aivd.ref_id = $ref_id;
END
$$

--
-- Create procedure `Proc_asset_increase_voucher_detail_GetAll`
--
CREATE DEFINER = 'root'@'localhost'
PROCEDURE Proc_asset_increase_voucher_detail_GetAll ()
BEGIN
  -- Store lấy tất cả bản ghi của chứng từ ghi tăng
  -- Created by vtahoang 21.08.2023
  -- Call Proc_asset_increase_voucher_detail_GetAll()
  SELECT
    *
  FROM asset_increase_voucher_detail aivd;
END
$$

--
-- Create procedure `Proc_asset_increase_voucher_detail_Get`
--
CREATE DEFINER = 'root'@'localhost'
PROCEDURE Proc_asset_increase_voucher_detail_Get (IN $id char(36))
BEGIN
  -- Store lấy bản ghi theo id
  -- Created by vtahoang 21.08.2023
  -- Call Proc_asset_increase_voucher_detail_Get('469b3ece-744a-45d5-957d-e8c757976496')
  SELECT
    *
  FROM asset_increase_voucher_detail aivd
  WHERE aivd.detail_id = $id;
END
$$

DELIMITER ;

--
-- Create table `user`
--
CREATE TABLE user (
  ref_id char(36) NOT NULL DEFAULT '' COMMENT 'Định danh người dùng',
  user_id varchar(255) NOT NULL DEFAULT '' COMMENT 'Tài khoản',
  password varchar(255) NOT NULL DEFAULT '' COMMENT 'Mật khẩu',
  user_name varchar(255) DEFAULT NULL COMMENT 'Tên người dùng',
  user_email varchar(255) DEFAULT NULL COMMENT 'Email người dùng',
  user_phone varchar(15) DEFAULT NULL COMMENT 'Số điện thoại người dùng',
  PRIMARY KEY (ref_id)
)
ENGINE = INNODB,
AVG_ROW_LENGTH = 16384,
CHARACTER SET utf8mb4,
COLLATE utf8mb4_general_ci;

--
-- Create index `UK_user_ref_id` on table `user`
--
ALTER TABLE user
ADD UNIQUE INDEX UK_user_ref_id (ref_id);

--
-- Create index `UK_user_user_id` on table `user`
--
ALTER TABLE user
ADD UNIQUE INDEX UK_user_user_id (user_id);

DELIMITER $$

--
-- Create procedure `Proc_GetTotalRecords`
--
CREATE DEFINER = 'root'@'localhost'
PROCEDURE Proc_GetTotalRecords (IN $where_condition varchar(500), IN $table varchar(255))
BEGIN
  -- Store đếm số bản ghi thoả mãn điều kiện
  -- Created by vtahoang 01.08.2023
  -- Call Proc_fixed_asset_GetTotalRecords('WHERE 1=1')
  SET @sql = CONCAT('SELECT COUNT(*)',
  ' FROM ', $table, ' ',
  IF($where_condition <> '', $where_condition, ' '));
  PREPARE statement FROM @sql;
  EXECUTE statement;
  DEALLOCATE PREPARE statement;
END
$$

--
-- Create procedure `Proc_GetFilter`
--
CREATE DEFINER = 'root'@'localhost'
PROCEDURE Proc_GetFilter (IN $limit int, IN $offset int, IN $columns varchar(500), IN $sort_type varchar(255), IN $sort_field varchar(255), IN $where_condition varchar(500), IN $table varchar(255))
BEGIN
  -- Store lấy danh sách bản ghi theo bộ lọc
  -- Created by vtahoang 31.07.2023
  -- Call Proc_fixed_asset_GetFilter(20, 0, 'fixed_asset_id, fixed_asset_code', 'ASC', 'modified_date', 'WHERE 1=1')
  SET @sql = CONCAT('SELECT ', $columns,
  ' FROM ', $table, ' ',
  IF($where_condition <> '', $where_condition, ' '),
  ' ORDER BY ', $sort_field, ' ', $sort_type);
  IF $limit > 0 THEN
    SET @sql = CONCAT(@sql, ' LIMIT ', $limit, ' OFFSET ', $offset);
  END IF;
  PREPARE statement FROM @sql;
  EXECUTE statement;
  DEALLOCATE PREPARE statement;
END
$$

--
-- Create procedure `Proc_fixed_asset_InsertMany`
--
CREATE DEFINER = 'root'@'localhost'
PROCEDURE Proc_fixed_asset_InsertMany (IN $columns longtext, IN $values longtext)
BEGIN
  -- Stored tạo nhiều bản ghi
  -- Created by vtahoang 08.08.2023
  -- Call Proc_fixed_asset_InsertMany('(fixed_asset_id, fixed_asset_code, fixed_asset_name, department_id, department_code, department_name, fixed_asset_category_id, fixed_asset_category_code, fixed_asset_category_name, purchase_date, start_using_date, cost, quantity, depreciation_rate, depreciation_value_year, tracked_year, life_time, production_year, active, accumulated_depreciation, remaining_value, created_date, created_by, modified_date, modified_by)', '(\'d644c314-d0c4-4d41-8849-de6919ce2a71\', \'TS00500\', \'test\', \'59d19422-6657-452e-a7db-e5d54223c257\', \'KDTT\', \'Phòng kinh doanh và tiếp thị\', \'3e9ce051-3625-11ee-a2e3-d45d64601179\', \'MI\', \'Máy in\', \'2022-06-05 00:00:00\', \'2022-09-03 00:00:00\', 1000000, 2, 8.33, 83333.33, 2023, 12, 2022, True, 166666.66, 833333.34, \'2023-08-10 00:10:50\', \'\', \'2023-08-10 00:10:50\', \'\');')
  SET @sql = CONCAT('INSERT INTO fixed_asset ', $columns, ' VALUES ', $values);
  PREPARE statement FROM @sql;
  EXECUTE statement;
  DEALLOCATE PREPARE statement;
END
$$

--
-- Create procedure `Proc_asset_increase_voucher_detail_Delete`
--
CREATE DEFINER = 'root'@'localhost'
PROCEDURE Proc_asset_increase_voucher_detail_Delete (IN $field varchar(255), IN $ListIds longtext)
BEGIN
  -- Store xoá chi tiết ghi tăng
  -- Created by vtahoang 05.09.2023
  -- Call Proc_asset_increase_voucher_detail_Delete('ref_id', '(\'de29debd-1314-43f8-ae49-9fe27f75295e\')')

  SET @whereClause = CONCAT($field, ' IN ', $ListIds);

  SET @sql = CONCAT('UPDATE fixed_asset fa SET fa.budget = NULL WHERE fa.fixed_asset_id IN ( SELECT fixed_asset_id FROM asset_increase_voucher_detail aivd WHERE ', @whereClause, ')');
  PREPARE stmt1 FROM @sql;
  EXECUTE stmt1;
  DEALLOCATE PREPARE stmt1;

  SET @sql = CONCAT('DELETE FROM asset_increase_voucher_detail WHERE ', @whereClause);
  PREPARE stmt2 FROM @sql;
  EXECUTE stmt2;
  DEALLOCATE PREPARE stmt2;
END
$$

DELIMITER ;

-- 
-- Dumping data for table fixed_asset_category
--
INSERT INTO fixed_asset_category VALUES
('09cfb0c0-3625-11ee-a2e3-d45d64601179', 'TN', 'Tai nghe\r\n', NULL, NULL, 3, NULL, NULL, '2023-08-09 02:53:01', NULL, '2023-08-09 02:53:01'),
('148ed882-32b8-218e-9c20-39c2f00615e8', 'MTXT', 'Máy tính xách tay', '01251', 8114710, 10, 'Ut doloremque iste debitis quo sit aspernatur repellendus qui; libero dolores rerum corporis beatae amet natus ea eligendi. Nam perspiciatis expedita maiores perferendis est numquam provident accusamus. Aperiam ex esse consequatur est at voluptatem pariatur commodi. Quo nam et ipsa et est et qui dolor.', 'Elwood Ligon', '1986-05-11 17:41:27', 'Yadira Villanueva', '2013-09-08 12:45:04'),
('1b691e79-236d-5b5a-9d20-39c2f00615e8', 'MB', 'Máy bàn', '15656', 3673610, 11, 'Recusandae quia quasi fuga quasi quis omnis quo quasi; accusantium et aperiam quis error ipsam et quae et.', 'Lonna Dion', '2006-10-13 14:50:31', 'Wilfredo Southern', '2001-03-16 15:10:37'),
('25c6c36e-1668-7d10-6e09-bf1378b8dc91', 'ĐT', 'Điện thoại', '27120', 5370350, 15, 'Nam non nam quo molestiae voluptatem non eius omnis. Quis est neque at fugit totam placeat sed cumque? Voluptatem officiis natus dignissimos vel in et quod modi. Et sit ex sit rem doloremque odio vel totam!', 'Courtney Abernathy', '1978-05-20 03:53:36', 'Britta Ayres', '2022-09-18 18:59:18'),
('354f1b13-17bf-1b52-87d5-ba100c6f7bce', 'MA', 'Máy ảnh', '23679', 269542, 5, 'Ea atque aut quaerat aliquid laborum necessitatibus tenetur. Sed cupiditate sed tempora perferendis tempora itaque nihil est. Aut aliquam culpa. Et quia inventore error voluptate inventore vitae dolores consequuntur. Ea qui est perspiciatis aspernatur. Optio veritatis debitis deleniti sunt consequatur sunt! Omnis itaque id sed recusandae ducimus voluptate sed.', 'Natashia Blaylock', '1989-04-25 23:45:27', 'Merle Reiter', '1971-01-01 00:01:08'),
('3700cc49-55b5-69ea-4929-a2925c0f334d', 'MH', 'Màn hình', '96561', 6838330, 5, 'Placeat qui hic nobis dolorem officia nihil commodi vel.', 'Rose Aiello', '2010-11-08 12:31:59', 'Bernard Creighton', '1971-01-01 01:08:43'),
('3e9ce051-3625-11ee-a2e3-d45d64601179', 'MI', 'Máy in', NULL, NULL, 8, NULL, NULL, '2023-08-09 02:53:32', NULL, '2023-08-09 02:53:32'),
('dd23336c-3624-11ee-a2e3-d45d64601179', 'CMT', 'Chuột máy tính\r\n', NULL, NULL, 3, NULL, NULL, '2023-08-09 02:51:08', NULL, '2023-08-09 02:51:08'),
('fa18577f-3624-11ee-a2e3-d45d64601179', 'BP', 'Bàn phím', NULL, NULL, 4, NULL, NULL, '2023-08-09 02:51:42', NULL, '2023-08-09 02:51:42');

-- 
-- Dumping data for table department
--
INSERT INTO department VALUES
('11452b0c-768e-5ff7-0d63-eeb1d8ed8cef', 'HCKT', 'Phòng hành chính kế toán', 'Sed natus et id illo harum et exercitationem impedit.', False, '76703', '87267', 'Adolph Francisco', '2003-11-05 05:48:43', 'Jason Blackmon', '1996-08-01 23:20:20'),
('142cb08f-7c31-21fa-8e90-67245e8b283e', 'TK', 'Phòng thư ký', 'Praesentium excepturi architecto ipsum possimus sit at qui; molestiae autem sit atque aliquid nobis necessitatibus. Ipsam itaque amet velit maiores error! Similique ea quis sed officiis eum quia quam. Sed porro odio natus error velit consequatur hic vero! Vel error dicta velit nam quia ut omnis repellendus.', False, '94630', '11638', 'Letha Bolt', '1971-01-01 00:07:13', 'Abraham Acevedo', '1971-01-01 00:00:04'),
('17120d02-6ab5-3e43-18cb-66948daf6128', 'HR', 'Phòng nhân sự', 'Unde inventore ut non velit neque. Harum sequi rerum iste nihil mollitia et quaerat. Sunt nostrum est? Deserunt voluptas quibusdam. Et tenetur error deserunt; nostrum deleniti reprehenderit molestiae est error animi qui. Neque consequatur inventore et. Exercitationem rerum dolorem qui recusandae nam voluptatem natus saepe.', False, '34958', '37879', 'Miyoko Mckinney', '1993-06-02 04:48:50', 'Hong Beaudoin', '2015-02-12 17:49:47'),
('2bbbd485-6df2-536a-7e32-6a1673ffca7c', 'TCTH', 'Phòng tài chính tổng hợp', 'Veritatis ut accusantium. Quia maxime modi sunt atque debitis illo perspiciatis; labore dolor quam tempore? Omnis ut fugit consequatur aperiam. Quia laboriosam nihil atque velit. Corrupti ipsam mollitia quia ut accusantium. Cupiditate vero quo et. Et quos voluptatibus natus maxime vel consequatur eos et. Enim illo omnis! Reiciendis sit corporis.', False, '96139', '74883', 'Denisha Mcginnis', '1971-01-01 00:01:04', 'Peggy Charlton', '1981-07-17 02:31:45'),
('4577565a-7e3e-493a-74dd-867949feb8b5', 'CSKH', 'Phòng chăm sóc khách hàng', 'Impedit ut porro voluptas natus odit repellat. Ea molestiae nulla dolor rerum et quo quas nam. Itaque dolores soluta rerum nisi distinctio deserunt. Quibusdam quaerat est! Illum et ut ad natus ducimus unde omnis eum. Corrupti eaque velit repellat eaque non perspiciatis unde quis.', True, '43735', '22554', 'Felix Alba', '2022-09-12 02:12:32', 'Tiny Card', '2001-01-30 09:16:21'),
('469b3ece-744a-45d5-957d-e8c757976496', 'NC', 'Phòng nghiên cứu', 'Ullam recusandae sunt tempore temporibus fugiat similique error sit. Sit nisi ipsum suscipit aut architecto voluptas fugit at.', False, '11450', '86148', 'Vanita Kelleher', '1992-09-04 01:38:18', 'Retta Lord', '1997-06-21 08:47:00'),
('4e272fc4-7875-78d6-7d32-6a1673ffca7c', 'QL', 'Phòng quản lý', 'Similique sed et quo nemo omnis facilis aliquam soluta. Natus quis ratione quaerat quas officia dolores nihil maxime. Quaerat et omnis labore molestiae voluptatibus molestiae recusandae dicta. Laboriosam sint rerum explicabo repudiandae sed molestiae voluptatibus natus.', False, '08242', '52432', 'Marcos Abraham', '1973-03-13 00:12:54', 'Treena Lind', '1971-01-01 00:00:08'),
('59d19422-6657-452e-a7db-e5d54223c257', 'KDTT', 'Phòng kinh doanh và tiếp thị', NULL, NULL, '43438', '99298', NULL, NULL, 'Maynard Brockman', '2009-11-20 23:28:04'),
('7686595d-16d5-33b3-0080-e8e2a817c80e', 'CNTT', 'Phòng công nghệ thông tin', 'Consequatur cum autem sint corporis. Error officiis dolorem ut enim voluptatem unde non ratione. Sint autem et adipisci. Quia qui obcaecati tempore dignissimos quaerat qui veritatis sed? Recusandae et nihil sed temporibus perferendis nemo dolores culpa! Sed unde voluptatem ut est sit perspiciatis minus soluta.', False, '77578', '93854', 'Eusebia Noland', '2012-05-04 05:02:08', 'Carroll Binder', '1991-01-13 08:45:51'),
('768f8e64-7d10-20c9-967d-e8c757976496', 'KT', 'Phòng kỹ thuật', 'Et perspiciatis a ipsum nemo dolores eveniet. Aperiam blanditiis numquam autem consequatur vero et? Sunt error quaerat itaque perferendis non sunt ut repellat. Unde aperiam blanditiis quos non error dignissimos veniam possimus. Maiores nihil dolores! Voluptatem porro sit quia. Natus animi delectus tenetur consequatur. Omnis consequatur sit totam nihil quae officia.', True, '49273', '24206', 'Oma Lawler', '1978-09-02 01:36:09', NULL, NULL);

-- 
-- Dumping data for table fixed_asset
--
INSERT INTO fixed_asset VALUES
('00d7dc20-7714-4165-9ad6-b9a7e832035b', 'TS00258', 'Dell 27" Monitor', NULL, NULL, NULL, '11452b0c-768e-5ff7-0d63-eeb1d8ed8cef', 'HCKT', 'Phòng hành chính kế toán', '3700cc49-55b5-69ea-4929-a2925c0f334d', 'MH', 'Màn hình', '2023-04-24 00:00:00', '2023-03-23 00:00:00', 7500000, 2, 11.11, 833250, 2023, 9, 2023, True, NULL, '', '2023-09-06 08:51:53', '', '2023-09-06 15:30:00', 833250, 6666750),
('01427116-0fcc-4ba2-885f-30ec5369a5af', 'TS00117', 'OnePlus 9', NULL, NULL, NULL, '2bbbd485-6df2-536a-7e32-6a1673ffca7c', 'TCTH', 'Phòng tài chính tổng hợp', '25c6c36e-1668-7d10-6e09-bf1378b8dc91', 'ĐT', 'Điện thoại', '2023-06-14 00:00:00', '2023-02-13 00:00:00', 112898988, 8, 11.11, 12543078, 2023, 9, 2023, True, '[{"budget_category_id":"0bba88cc-429f-11ee-9d33-d45d64601179","budget_category_code":"NST","budget_category_name":"Ngân sách Tỉnh","cost":14000000},{"budget_category_name":"Ngân sách Huyện","cost":89898989,"budget_category_id":"0bba897a-429f-11ee-9d33-d45d64601179","budget_category_code":"NSH"},{"budget_category_name":"Phí, lệ phí để lại","cost":8999999,"budget_category_id":"0bba8995-429f-11ee-9d33-d45d64601179","budget_category_code":"PLPDL"}]', '', '2023-09-06 08:51:53', '', '2023-09-06 08:52:41', 12543078, 100355910),
('025e4104-5513-4dca-8b97-f61d82b9e0b6', 'TS00269', 'Brother MFC-L2750DW', NULL, NULL, NULL, '7686595d-16d5-33b3-0080-e8e2a817c80e', 'CNTT', 'Phòng công nghệ thông tin', '3e9ce051-3625-11ee-a2e3-d45d64601179', 'MI', 'Máy in', '2022-10-11 00:00:00', '2022-01-19 00:00:00', 11000000, 4, 8.33, 916300, 2023, 12, 2022, True, NULL, '', '2023-09-06 08:51:53', '', '2023-09-06 08:52:41', 1832600, 9167400),
('02d214be-addc-4e7f-8a85-22c19a57d4e6', 'TS00095', 'Xiaomi Redmi Note 10', NULL, NULL, NULL, '4e272fc4-7875-78d6-7d32-6a1673ffca7c', 'QL', 'Phòng quản lý', '25c6c36e-1668-7d10-6e09-bf1378b8dc91', 'ĐT', 'Điện thoại', '2023-06-18 00:00:00', '2022-03-09 00:00:00', 4500000, 3, 8.33, 374850, 2023, 12, 2023, True, NULL, '', '2023-09-06 08:51:53', '', '2023-09-06 15:30:00', 374850, 4125150),
('02fb87fd-6965-4746-8fc1-e7c774b9fd22', 'TS00158', 'Sony Alpha A6400', NULL, NULL, NULL, '11452b0c-768e-5ff7-0d63-eeb1d8ed8cef', 'HCKT', 'Phòng hành chính kế toán', '354f1b13-17bf-1b52-87d5-ba100c6f7bce', 'MA', 'Máy ảnh', '2022-09-22 00:00:00', '2022-01-26 00:00:00', 20000000, 2, 11.11, 2222000, 2023, 9, 2022, True, NULL, '', '2023-09-06 08:51:53', '', '2023-09-06 15:30:00', 4444000, 15556000),
('030ef1b0-2065-4fbb-b782-b7ce648c727b', 'TS00154', 'Nikon Z6', NULL, NULL, NULL, '142cb08f-7c31-21fa-8e90-67245e8b283e', 'TK', 'Phòng thư ký', '354f1b13-17bf-1b52-87d5-ba100c6f7bce', 'MA', 'Máy ảnh', '2022-06-23 00:00:00', '2022-05-07 00:00:00', 40787979, 6, 7.69, 3136596, 2023, 13, 2022, True, '[{"budget_category_id":"0bba88cc-429f-11ee-9d33-d45d64601179","budget_category_code":"NST","budget_category_name":"Ngân sách Tỉnh","cost":40000000},{"budget_category_name":"Ngân sách Huyện","cost":787979,"budget_category_id":"0bba897a-429f-11ee-9d33-d45d64601179","budget_category_code":"NSH"}]', '', '2023-09-06 08:51:53', '', '2023-09-06 10:31:15', 6273191, 34514788),
('0347c137-457e-435e-9fcd-58cfef874265', 'TS00015', 'Màn hình Dell 24"', NULL, NULL, NULL, '7686595d-16d5-33b3-0080-e8e2a817c80e', 'CNTT', 'Phòng công nghệ thông tin', '3700cc49-55b5-69ea-4929-a2925c0f334d', 'MH', 'Màn hình', '2023-03-02 00:00:00', '2022-06-27 00:00:00', 5400000, 1, 10, 540000, 2023, 10, 2023, True, NULL, '', '2023-09-06 08:51:53', '', '2023-09-06 10:32:01', 540000, 4860000),
('03aaff5e-73c8-4fde-a183-7af604ef0625', 'TS00385', 'Google Pixel 8', NULL, NULL, NULL, '768f8e64-7d10-20c9-967d-e8c757976496', 'KT', 'Phòng kỹ thuật', '25c6c36e-1668-7d10-6e09-bf1378b8dc91', 'ĐT', 'Điện thoại', '2023-04-05 00:00:00', '2023-03-05 00:00:00', 20000000, 8, 20, 4000000, 2023, 5, 2023, True, NULL, '', '2023-09-06 08:51:53', '', '2023-09-06 15:30:00', 4000000, 16000000),
('0433b233-2dd7-4b40-ba2a-d52dce5f7bd4', 'TS00374', 'Samsung Galaxy S23', NULL, NULL, NULL, '4577565a-7e3e-493a-74dd-867949feb8b5', 'CSKH', 'Phòng chăm sóc khách hàng', '25c6c36e-1668-7d10-6e09-bf1378b8dc91', 'ĐT', 'Điện thoại', '2022-10-28 00:00:00', '2022-10-20 00:00:00', 32999999, 1, 8.33, 2748900, 2023, 12, 2022, True, '[{"budget_category_id":"0bba88cc-429f-11ee-9d33-d45d64601179","budget_category_code":"NST","budget_category_name":"Ngân sách Tỉnh","cost":23000000},{"budget_category_name":"Ngân sách Huyện","cost":9999999,"budget_category_id":"0bba897a-429f-11ee-9d33-d45d64601179","budget_category_code":"NSH"}]', '', '2023-09-06 08:51:53', '', '2023-09-06 10:28:53', 5497800, 27502199),
('0492d916-5f5e-466a-ab60-addf4841916d', 'TS00362', 'Motorola Edge Plus', NULL, NULL, NULL, '11452b0c-768e-5ff7-0d63-eeb1d8ed8cef', 'HCKT', 'Phòng hành chính kế toán', '25c6c36e-1668-7d10-6e09-bf1378b8dc91', 'ĐT', 'Điện thoại', '2022-11-27 00:00:00', '2022-07-11 00:00:00', 12500000, 2, 25, 3125000, 2023, 4, 2022, True, NULL, '', '2023-09-06 08:51:53', '', '2023-09-06 10:32:05', 6250000, 6250000),
('04a56a37-f7c6-40f5-bbe9-fa86597c9c2e', 'TS00354', 'SteelSeries Sensei Eleven', NULL, NULL, NULL, '142cb08f-7c31-21fa-8e90-67245e8b283e', 'TK', 'Phòng thư ký', 'dd23336c-3624-11ee-a2e3-d45d64601179', 'CMT', 'Chuột máy tính\r\n', '2023-01-02 00:00:00', '2022-06-15 00:00:00', 1550000, 6, 7.69, 119195, 2023, 13, 2023, True, NULL, '', '2023-09-06 08:51:53', '', '2023-09-06 10:28:53', 119195, 1430805),
('051efd3f-af14-4fb4-a08d-f37cef5baed4', 'TS00061', 'HP Pavilion Desktop', NULL, NULL, NULL, '768f8e64-7d10-20c9-967d-e8c757976496', 'KT', 'Phòng kỹ thuật', '1b691e79-236d-5b5a-9d20-39c2f00615e8', 'MB', 'Máy bàn', '2022-07-23 00:00:00', '2022-06-02 00:00:00', 12000000, 9, 7.14, 856800, 2023, 14, 2022, True, NULL, '', '2023-09-06 08:51:53', '', '2023-09-06 10:28:53', 1713600, 10286400),
('09aaad98-374b-4a7b-bad7-58ca64f2c08d', 'TS00025', 'Màn hình Acer 27"', NULL, NULL, NULL, '7686595d-16d5-33b3-0080-e8e2a817c80e', 'CNTT', 'Phòng công nghệ thông tin', '3700cc49-55b5-69ea-4929-a2925c0f334d', 'MH', 'Màn hình', '2023-06-22 00:00:00', '2022-09-03 00:00:00', 6750000, 6, 9.09, 613575, 2023, 11, 2023, True, NULL, '', '2023-09-06 08:51:53', '', '2023-09-06 15:30:00', 613575, 6136425),
('09be0898-e2c9-4671-b2f8-1b4c32b50ae3', 'TS00121', 'Apple iMac', NULL, NULL, NULL, '2bbbd485-6df2-536a-7e32-6a1673ffca7c', 'TCTH', 'Phòng tài chính tổng hợp', '1b691e79-236d-5b5a-9d20-39c2f00615e8', 'MB', 'Máy bàn', '2023-06-20 00:00:00', '2023-06-12 00:00:00', 40000000, 9, 10, 4000000, 2023, 10, 2023, True, NULL, '', '2023-09-06 08:51:53', '', '2023-09-06 10:32:05', 4000000, 36000000),
('0ab1d414-483e-453d-b95b-f054efb72ca3', 'TS00207', 'Asus ROG Strix', NULL, NULL, NULL, '142cb08f-7c31-21fa-8e90-67245e8b283e', 'TK', 'Phòng thư ký', '148ed882-32b8-218e-9c20-39c2f00615e8', 'MTXT', 'Máy tính xách tay', '2022-09-16 00:00:00', '2022-09-13 00:00:00', 18000000, 3, 7.14, 1285200, 2023, 14, 2022, True, NULL, '', '2023-09-06 08:51:53', '', '2023-09-06 10:32:01', 2570400, 15429600),
('0bfb3cef-082d-42c4-9f45-1d6c669eb6d1', 'TS00014', 'Máy ảnh Sony Alpha A7', NULL, NULL, NULL, '768f8e64-7d10-20c9-967d-e8c757976496', 'KT', 'Phòng kỹ thuật', '354f1b13-17bf-1b52-87d5-ba100c6f7bce', 'MA', 'Máy ảnh', '2023-06-03 00:00:00', '2022-07-04 00:00:00', 45000000, 5, 10, 4500000, 2023, 10, 2023, True, NULL, '', '2023-09-06 08:51:53', '', '2023-09-06 10:31:15', 4500000, 40500000),
('0c6bdcef-cdc2-44ec-9e15-f02ca8a7a016', 'TS00155', 'OnePlus Nord', NULL, NULL, NULL, '11452b0c-768e-5ff7-0d63-eeb1d8ed8cef', 'HCKT', 'Phòng hành chính kế toán', '25c6c36e-1668-7d10-6e09-bf1378b8dc91', 'ĐT', 'Điện thoại', '2023-05-08 00:00:00', '2023-02-03 00:00:00', 8000000, 7, 7.69, 615200, 2023, 13, 2023, True, NULL, '', '2023-09-06 08:51:53', '', '2023-09-06 15:30:00', 615200, 7384800),
('0c7b0851-b3f8-4b21-8ff9-805090d2a7e8', 'TS00321', 'Panasonic Lumix GH6', NULL, NULL, NULL, '2bbbd485-6df2-536a-7e32-6a1673ffca7c', 'TCTH', 'Phòng tài chính tổng hợp', '354f1b13-17bf-1b52-87d5-ba100c6f7bce', 'MA', 'Máy ảnh', '2023-07-28 00:00:00', '2023-07-26 00:00:00', 26500000, 9, 10, 2650000, 2023, 10, 2023, True, NULL, '', '2023-09-06 08:51:53', '', '2023-09-06 10:32:05', 2650000, 23850000),
('0d257749-d277-4bce-9300-f07908e347f4', 'TS00313', 'Apple MacBook Pro', NULL, NULL, NULL, '142cb08f-7c31-21fa-8e90-67245e8b283e', 'TK', 'Phòng thư ký', '148ed882-32b8-218e-9c20-39c2f00615e8', 'MTXT', 'Máy tính xách tay', '2023-06-23 00:00:00', '2022-12-07 00:00:00', 25500000, 8, 10, 2550000, 2023, 10, 2023, True, NULL, '', '2023-09-06 08:51:53', '', '2023-09-06 10:32:01', 2550000, 22950000),
('0e31dd72-8c21-4653-91d2-927114c812de', 'TS00146', 'Bose SoundLink Color II', NULL, NULL, NULL, '7686595d-16d5-33b3-0080-e8e2a817c80e', 'CNTT', 'Phòng công nghệ thông tin', '09cfb0c0-3625-11ee-a2e3-d45d64601179', 'TN', 'Tai nghe\r\n', '2023-07-01 00:00:00', '2022-09-09 00:00:00', 2500000, 3, 9.09, 227250, 2023, 11, 2023, True, NULL, '', '2023-09-06 08:51:53', '', '2023-09-06 15:30:00', 227250, 2272750),
('0ea8869b-9245-44eb-80b9-cb1769e34bcf', 'TS00119', 'Samsung Galaxy Buds Pro', NULL, NULL, NULL, '7686595d-16d5-33b3-0080-e8e2a817c80e', 'CNTT', 'Phòng công nghệ thông tin', '09cfb0c0-3625-11ee-a2e3-d45d64601179', 'TN', 'Tai nghe\r\n', '2023-02-14 00:00:00', '2022-08-26 00:00:00', 2500000, 4, 8.33, 208250, 2023, 12, 2023, True, NULL, '', '2023-09-06 08:51:53', '', '2023-09-06 15:30:00', 208250, 2291750),
('0f3d324d-349c-4343-a04f-5d132dd616bd', 'TS00164', 'Logitech G Pro Wireless', NULL, NULL, NULL, '768f8e64-7d10-20c9-967d-e8c757976496', 'KT', 'Phòng kỹ thuật', 'dd23336c-3624-11ee-a2e3-d45d64601179', 'CMT', 'Chuột máy tính\r\n', '2023-06-29 00:00:00', '2023-05-11 00:00:00', 1500000, 5, 10, 150000, 2023, 10, 2023, True, NULL, '', '2023-09-06 08:51:53', '', '2023-09-06 15:30:00', 150000, 1350000),
('0f8742f6-d1ae-41b7-9f71-dd39858ed18e', 'TS00107', 'Samsung Galaxy Note 20', NULL, NULL, NULL, '142cb08f-7c31-21fa-8e90-67245e8b283e', 'TK', 'Phòng thư ký', '25c6c36e-1668-7d10-6e09-bf1378b8dc91', 'ĐT', 'Điện thoại', '2023-07-13 00:00:00', '2023-06-22 00:00:00', 23322220, 3, 7.14, 1665207, 2023, 14, 2023, True, '[{"budget_category_id":"0bba88cc-429f-11ee-9d33-d45d64601179","budget_category_code":"NST","budget_category_name":"Ngân sách Tỉnh","cost":20000000},{"cost":3322220,"budget_category_name":"Phí, lệ phí để lại","budget_category_id":"0bba8995-429f-11ee-9d33-d45d64601179","budget_category_code":"PLPDL"}]', '', '2023-09-06 08:51:53', '', '2023-09-06 15:30:00', 1665207, 21657013),
('10d835c8-94b2-4dd2-957a-2ef95cce7e89', 'TS00299', 'HP DeskJet 2730', NULL, NULL, NULL, '142cb08f-7c31-21fa-8e90-67245e8b283e', 'TK', 'Phòng thư ký', '3e9ce051-3625-11ee-a2e3-d45d64601179', 'MI', 'Máy in', '2023-02-16 00:00:00', '2022-09-28 00:00:00', 2050000, 10, 7.14, 146370, 2023, 14, 2023, True, NULL, '', '2023-09-06 08:51:53', '', '2023-09-06 15:30:00', 146370, 1903630),
('1178ee92-69a0-4401-bcc8-e53a9fdc2865', 'TS00387', 'Epson EcoTank L3170', NULL, NULL, NULL, '17120d02-6ab5-3e43-18cb-66948daf6128', 'HR', 'Phòng nhân sự', '3e9ce051-3625-11ee-a2e3-d45d64601179', 'MI', 'Máy in', '2023-06-25 00:00:00', '2022-10-26 00:00:00', 3100000, 7, 7.14, 221340, 2023, 14, 2023, True, NULL, '', '2023-09-06 08:51:53', '', '2023-09-06 15:30:00', 221340, 2878660),
('118b8ca1-f24e-43c0-b989-92a94f48fcfd', 'TS00042', 'Máy bàn Alienware Aurora', NULL, NULL, NULL, '59d19422-6657-452e-a7db-e5d54223c257', 'KDTT', 'Phòng kinh doanh và tiếp thị', '1b691e79-236d-5b5a-9d20-39c2f00615e8', 'MB', 'Máy bàn', '2023-04-30 00:00:00', '2022-03-29 00:00:00', 45000000, 2, 8.33, 3748500, 2023, 12, 2023, True, NULL, '', '2023-09-06 08:51:53', '', '2023-09-06 15:30:00', 3748500, 41251500),
('129b91b2-85bd-45c4-b162-378df5a83e04', 'TS00209', 'Nikon D3500', NULL, NULL, NULL, '7686595d-16d5-33b3-0080-e8e2a817c80e', 'CNTT', 'Phòng công nghệ thông tin', '354f1b13-17bf-1b52-87d5-ba100c6f7bce', 'MA', 'Máy ảnh', '2023-04-16 00:00:00', '2022-05-08 00:00:00', 14000000, 3, 9.09, 1272600, 2023, 11, 2023, True, NULL, '', '2023-09-06 08:51:53', '', '2023-09-06 15:30:00', 1272600, 12727400),
('13872490-f43b-45e1-aece-f6511ee77572', 'TS00223', 'Apple Magic Mouse', NULL, NULL, NULL, '59d19422-6657-452e-a7db-e5d54223c257', 'KDTT', 'Phòng kinh doanh và tiếp thị', 'dd23336c-3624-11ee-a2e3-d45d64601179', 'CMT', 'Chuột máy tính\r\n', '2023-07-27 00:00:00', '2023-07-04 00:00:00', 2000000, 10, 9.09, 181800, 2023, 11, 2023, True, NULL, '', '2023-09-06 08:51:53', '', '2023-09-06 15:30:00', 181800, 1818200),
('139c1661-8701-40e9-8028-e04f44593ba1', 'TS00211', 'Acer 27" Monitor', NULL, NULL, NULL, '768f8e64-7d10-20c9-967d-e8c757976496', 'KT', 'Phòng kỹ thuật', '3700cc49-55b5-69ea-4929-a2925c0f334d', 'MH', 'Màn hình', '2023-05-12 00:00:00', '2022-05-21 00:00:00', 5000000, 9, 7.14, 357000, 2023, 14, 2023, True, NULL, '', '2023-09-06 08:51:53', '', '2023-09-06 15:30:00', 357000, 4643000),
('140e7828-519a-45d2-b6e9-9e3c428b691f', 'TS00189', 'Bose SoundLink Micro', NULL, NULL, NULL, '142cb08f-7c31-21fa-8e90-67245e8b283e', 'TK', 'Phòng thư ký', '09cfb0c0-3625-11ee-a2e3-d45d64601179', 'TN', 'Tai nghe\r\n', '2022-12-23 00:00:00', '2022-11-27 00:00:00', 2000000, 2, 6.67, 133400, 2023, 15, 2022, True, NULL, '', '2023-09-06 08:51:53', '', '2023-09-06 15:30:00', 266800, 1733200),
('14f3c6c6-48f4-4868-a58a-12c9999b6e92', 'TS00279', 'OnePlus 8T', NULL, NULL, NULL, '59d19422-6657-452e-a7db-e5d54223c257', 'KDTT', 'Phòng kinh doanh và tiếp thị', '25c6c36e-1668-7d10-6e09-bf1378b8dc91', 'ĐT', 'Điện thoại', '2023-04-25 00:00:00', '2023-02-02 00:00:00', 13000000, 8, 6.67, 867100, 2023, 15, 2023, True, NULL, '', '2023-09-06 08:51:53', '', '2023-09-06 15:30:00', 867100, 12132900),
('1578561a-37b1-4397-aa96-da6665f627c1', 'TS00248', 'Acer Aspire 5', NULL, NULL, NULL, '7686595d-16d5-33b3-0080-e8e2a817c80e', 'CNTT', 'Phòng công nghệ thông tin', '148ed882-32b8-218e-9c20-39c2f00615e8', 'MTXT', 'Máy tính xách tay', '2023-06-05 00:00:00', '2023-05-24 00:00:00', 14000000, 8, 7.14, 999600, 2023, 14, 2023, True, NULL, '', '2023-09-06 08:51:53', '', '2023-09-06 15:30:00', 999600, 13000400),
('15cc78ca-402a-4b73-a5e5-ea59ad1b5f9c', 'TS00272', 'MacBook Pro', NULL, NULL, NULL, '768f8e64-7d10-20c9-967d-e8c757976496', 'KT', 'Phòng kỹ thuật', '148ed882-32b8-218e-9c20-39c2f00615e8', 'MTXT', 'Máy tính xách tay', '2023-07-23 00:00:00', '2023-02-23 00:00:00', 30000000, 4, 16.67, 5001000, 2023, 6, 2023, True, NULL, '', '2023-09-06 08:51:53', '', '2023-09-06 15:30:00', 5001000, 24999000),
('160b6c3f-bb8a-4e82-902d-c0902a703a35', 'TS00318', 'Corsair Harpoon RGB', NULL, NULL, NULL, '4577565a-7e3e-493a-74dd-867949feb8b5', 'CSKH', 'Phòng chăm sóc khách hàng', 'dd23336c-3624-11ee-a2e3-d45d64601179', 'CMT', 'Chuột máy tính\r\n', '2023-07-08 00:00:00', '2022-10-20 00:00:00', 910000, 4, 14.29, 130039, 2023, 7, 2023, True, NULL, '', '2023-09-06 08:51:53', '', '2023-09-06 15:30:00', 130039, 779961),
('18591f04-1827-4cc0-9b10-ebad24d420b0', 'TS00078', 'Canon EOS 700D', NULL, NULL, NULL, '11452b0c-768e-5ff7-0d63-eeb1d8ed8cef', 'HCKT', 'Phòng hành chính kế toán', '354f1b13-17bf-1b52-87d5-ba100c6f7bce', 'MA', 'Máy ảnh', '2023-04-07 00:00:00', '2023-02-26 00:00:00', 12000000, 7, 10, 1200000, 2023, 10, 2023, True, NULL, '', '2023-09-06 08:51:53', '', '2023-09-06 15:30:00', 1200000, 10800000),
('1866b7d3-862f-4efc-a385-36b05dba2c8e', 'TS00351', 'Olympus OM-D E-M5 Mark III', NULL, NULL, NULL, '11452b0c-768e-5ff7-0d63-eeb1d8ed8cef', 'HCKT', 'Phòng hành chính kế toán', '354f1b13-17bf-1b52-87d5-ba100c6f7bce', 'MA', 'Máy ảnh', '2023-03-17 00:00:00', '2022-11-29 00:00:00', 23000000, 10, 9.09, 2090700, 2023, 11, 2023, True, NULL, '', '2023-09-06 08:51:53', '', '2023-09-06 15:30:00', 2090700, 20909300),
('19b98d84-7ca2-406f-9c57-2d826cff7963', 'TS00287', 'Canon MAXIFY MB2720', NULL, NULL, NULL, '17120d02-6ab5-3e43-18cb-66948daf6128', 'HR', 'Phòng nhân sự', '3e9ce051-3625-11ee-a2e3-d45d64601179', 'MI', 'Máy in', '2022-12-20 00:00:00', '2022-10-10 00:00:00', 14000000, 7, 7.14, 999600, 2023, 14, 2022, True, NULL, '', '2023-09-06 08:51:53', '', '2023-09-06 15:30:00', 1999200, 12000800),
('19e3b6f1-c6aa-4352-8f81-8717e012f4ef', 'TS00204', 'HP LaserJet Pro M404n', NULL, NULL, NULL, '142cb08f-7c31-21fa-8e90-67245e8b283e', 'TK', 'Phòng thư ký', '3e9ce051-3625-11ee-a2e3-d45d64601179', 'MI', 'Máy in', '2023-07-28 00:00:00', '2023-07-05 00:00:00', 7000000, 6, 7.69, 538300, 2023, 13, 2023, True, NULL, '', '2023-09-06 08:51:53', '', '2023-09-06 15:30:00', 538300, 6461700),
('1a8244a4-bb35-485b-a993-37a22a3977e1', 'TS00179', 'Dell Alienware m15', NULL, NULL, NULL, '59d19422-6657-452e-a7db-e5d54223c257', 'KDTT', 'Phòng kinh doanh và tiếp thị', '148ed882-32b8-218e-9c20-39c2f00615e8', 'MTXT', 'Máy tính xách tay', '2022-12-16 00:00:00', '2022-12-14 00:00:00', 35000000, 8, 6.67, 2334500, 2023, 15, 2022, True, NULL, '', '2023-09-06 08:51:53', '', '2023-09-06 15:30:00', 4669000, 30331000),
('1aa788ed-5036-47b4-926a-2fd7bcaf0eec', 'TS00386', 'Fujifilm X-T6', NULL, NULL, NULL, '7686595d-16d5-33b3-0080-e8e2a817c80e', 'CNTT', 'Phòng công nghệ thông tin', '354f1b13-17bf-1b52-87d5-ba100c6f7bce', 'MA', 'Máy ảnh', '2023-03-19 00:00:00', '2023-01-03 00:00:00', 26000000, 10, 20, 5200000, 2023, 5, 2023, True, NULL, '', '2023-09-06 08:51:53', '', '2023-09-06 15:30:00', 5200000, 20800000),
('1b26d48b-03cd-472a-bc8f-a9af672d698c', 'TS00102', 'Logitech G502', NULL, NULL, NULL, '17120d02-6ab5-3e43-18cb-66948daf6128', 'HR', 'Phòng nhân sự', 'dd23336c-3624-11ee-a2e3-d45d64601179', 'CMT', 'Chuột máy tính\r\n', '2023-04-15 00:00:00', '2022-11-19 00:00:00', 1200000, 6, 14.29, 171480, 2023, 7, 2023, True, NULL, '', '2023-09-06 08:51:53', '', '2023-09-06 15:30:00', 171480, 1028520),
('1b2e9b9f-d3c7-4caa-afb1-974de3e039c6', 'TS00201', 'Dell Inspiron 15', NULL, NULL, NULL, '11452b0c-768e-5ff7-0d63-eeb1d8ed8cef', 'HCKT', 'Phòng hành chính kế toán', '148ed882-32b8-218e-9c20-39c2f00615e8', 'MTXT', 'Máy tính xách tay', '2023-06-11 00:00:00', '2023-03-11 00:00:00', 16000000, 10, 9.09, 1454400, 2023, 11, 2023, True, NULL, '', '2023-09-06 08:51:53', '', '2023-09-06 15:30:00', 1454400, 14545600),
('1b372c7a-1b78-495b-ae9d-6a6b57762b90', 'TS00126', 'Logitech G Pro X Superlight', NULL, NULL, NULL, '768f8e64-7d10-20c9-967d-e8c757976496', 'KT', 'Phòng kỹ thuật', 'dd23336c-3624-11ee-a2e3-d45d64601179', 'CMT', 'Chuột máy tính\r\n', '2023-04-15 00:00:00', '2022-01-10 00:00:00', 2000000, 8, 6.67, 133400, 2023, 15, 2023, True, NULL, '', '2023-09-06 08:51:53', '', '2023-09-06 15:30:00', 133400, 1866600),
('1c024698-639b-4aee-8cac-8cfe113bfb4b', 'TS00259', 'Corsair Dark Core RGB', NULL, NULL, NULL, '7686595d-16d5-33b3-0080-e8e2a817c80e', 'CNTT', 'Phòng công nghệ thông tin', 'dd23336c-3624-11ee-a2e3-d45d64601179', 'CMT', 'Chuột máy tính\r\n', '2022-11-10 00:00:00', '2022-08-10 00:00:00', 1800000, 3, 9.09, 163620, 2023, 11, 2022, True, NULL, '', '2023-09-06 08:51:53', '', '2023-09-06 15:30:00', 327240, 1472760),
('1ce19e39-81ad-4ca2-87b6-bf03b24a7044', 'TS00390', 'Apple MacBook Pro 13', NULL, NULL, NULL, '2bbbd485-6df2-536a-7e32-6a1673ffca7c', 'TCTH', 'Phòng tài chính tổng hợp', '148ed882-32b8-218e-9c20-39c2f00615e8', 'MTXT', 'Máy tính xách tay', '2023-07-15 00:00:00', '2023-07-03 00:00:00', 26000000, 4, 25, 6500000, 2023, 4, 2023, True, NULL, '', '2023-09-06 08:51:53', '', '2023-09-06 15:30:00', 6500000, 19500000),
('1d8f6121-f847-4c2f-8af7-89e92e272ffe', 'TS00303', 'Sony WH-1000XM5', NULL, NULL, NULL, '768f8e64-7d10-20c9-967d-e8c757976496', 'KT', 'Phòng kỹ thuật', '09cfb0c0-3625-11ee-a2e3-d45d64601179', 'TN', 'Tai nghe\r\n', '2023-01-25 00:00:00', '2022-09-01 00:00:00', 3550000, 4, 16.67, 591785, 2023, 6, 2023, True, NULL, '', '2023-09-06 08:51:53', '', '2023-09-06 15:30:00', 591785, 2958215),
('1e87d311-0e98-4252-a0f6-b1cfa2af010e', 'TS00195', 'Nikon D6', NULL, NULL, NULL, '4e272fc4-7875-78d6-7d32-6a1673ffca7c', 'QL', 'Phòng quản lý', '354f1b13-17bf-1b52-87d5-ba100c6f7bce', 'MA', 'Máy ảnh', '2023-01-25 00:00:00', '2022-05-29 00:00:00', 120000000, 3, 8.33, 9996000, 2023, 12, 2023, True, NULL, '', '2023-09-06 08:51:53', '', '2023-09-06 15:30:00', 9996000, 110004000),
('1f1066c3-1186-4a5b-9cee-53d36db649fc', 'TS00298', 'Nikon D3600', NULL, NULL, NULL, '7686595d-16d5-33b3-0080-e8e2a817c80e', 'CNTT', 'Phòng công nghệ thông tin', '354f1b13-17bf-1b52-87d5-ba100c6f7bce', 'MA', 'Máy ảnh', '2023-07-18 00:00:00', '2023-04-18 00:00:00', 14500000, 8, 7.14, 1035300, 2023, 14, 2023, True, NULL, '', '2023-09-06 08:51:53', '', '2023-09-06 15:30:00', 1035300, 13464700),
('1f5b1928-da4f-4944-bf5c-8118b2ec50da', 'TS00053', 'Canon EOS 700D', NULL, NULL, NULL, '768f8e64-7d10-20c9-967d-e8c757976496', 'KT', 'Phòng kỹ thuật', '354f1b13-17bf-1b52-87d5-ba100c6f7bce', 'MA', 'Máy ảnh', '2023-03-05 00:00:00', '2022-05-30 00:00:00', 12000000, 4, 16.67, 2000400, 2023, 6, 2023, True, NULL, '', '2023-09-06 08:51:53', '', '2023-09-06 15:30:00', 2000400, 9999600),
('1fa62405-988d-4142-a1e5-7fa4bf4a21ba', 'TS00170', 'Sony A7R IV', NULL, NULL, NULL, '142cb08f-7c31-21fa-8e90-67245e8b283e', 'TK', 'Phòng thư ký', '354f1b13-17bf-1b52-87d5-ba100c6f7bce', 'MA', 'Máy ảnh', '2023-04-06 00:00:00', '2022-11-17 00:00:00', 70000000, 4, 16.67, 11669000, 2023, 6, 2023, True, NULL, '', '2023-09-06 08:51:53', '', '2023-09-06 15:30:00', 11669000, 58331000),
('20d24a96-46b4-4e91-bbe0-436852aec1ad', 'TS00389', 'Apple Magic Mouse 3', NULL, NULL, NULL, '142cb08f-7c31-21fa-8e90-67245e8b283e', 'TK', 'Phòng thư ký', 'dd23336c-3624-11ee-a2e3-d45d64601179', 'CMT', 'Chuột máy tính\r\n', '2023-07-05 00:00:00', '2023-06-12 00:00:00', 2100000, 2, 6.67, 140070, 2023, 15, 2023, True, NULL, '', '2023-09-06 08:51:53', '', '2023-09-06 15:30:00', 140070, 1959930),
('21120c27-84e2-492b-b3e3-80e696ad3165', 'TS00127', 'Microsoft Surface Book', NULL, NULL, NULL, '469b3ece-744a-45d5-957d-e8c757976496', 'NC', 'Phòng nghiên cứu', '148ed882-32b8-218e-9c20-39c2f00615e8', 'MTXT', 'Máy tính xách tay', '2022-10-18 00:00:00', '2022-05-12 00:00:00', 28000000, 2, 16.67, 4667600, 2023, 6, 2022, True, NULL, '', '2023-09-06 08:51:53', '', '2023-09-06 15:30:00', 9335200, 18664800),
('21b17e12-9abd-4710-af96-2fb8aef3209d', 'TS00239', 'Samsung Xpress M2020W', NULL, NULL, NULL, '142cb08f-7c31-21fa-8e90-67245e8b283e', 'TK', 'Phòng thư ký', '3e9ce051-3625-11ee-a2e3-d45d64601179', 'MI', 'Máy in', '2023-01-29 00:00:00', '2022-06-18 00:00:00', 6000000, 2, 6.67, 400200, 2023, 15, 2023, True, NULL, '', '2023-09-06 08:51:53', '', '2023-09-06 15:30:00', 400200, 5599800),
('222e9b4b-0e76-4069-9a37-b737b2746b29', 'TS00023', 'Điện thoại Xiaomi Mi 11', NULL, NULL, NULL, '59d19422-6657-452e-a7db-e5d54223c257', 'KDTT', 'Phòng kinh doanh và tiếp thị', '25c6c36e-1668-7d10-6e09-bf1378b8dc91', 'ĐT', 'Điện thoại', '2023-07-11 00:00:00', '2023-06-13 00:00:00', 9000000, 10, 9.09, 818100, 2023, 11, 2023, True, NULL, '', '2023-09-06 08:51:53', '', '2023-09-06 15:30:00', 818100, 8181900),
('22513539-1974-4f5b-a1d2-11c40407c5fd', 'TS00072', 'Bose QuietComfort 35', NULL, NULL, NULL, '768f8e64-7d10-20c9-967d-e8c757976496', 'KT', 'Phòng kỹ thuật', '09cfb0c0-3625-11ee-a2e3-d45d64601179', 'TN', 'Tai nghe\r\n', '2023-01-16 00:00:00', '2022-04-25 00:00:00', 5000000, 4, 16.67, 833500, 2023, 6, 2023, True, NULL, '', '2023-09-06 08:51:53', '', '2023-09-06 15:30:00', 833500, 4166500),
('22d5b2b8-39f3-47d2-8237-947aa7381763', 'TS00369', 'Canon EOS 7D', NULL, NULL, NULL, '7686595d-16d5-33b3-0080-e8e2a817c80e', 'CNTT', 'Phòng công nghệ thông tin', '354f1b13-17bf-1b52-87d5-ba100c6f7bce', 'MA', 'Máy ảnh', '2023-06-28 00:00:00', '2023-06-23 00:00:00', 48000000, 4, 8.33, 3998400, 2023, 12, 2023, True, NULL, '', '2023-09-06 08:51:53', '', '2023-09-06 15:30:00', 3998400, 44001600),
('23080461-2bfe-4444-b117-0fa4403d1f52', 'TS00066', 'Samsung 24 Monitor', NULL, NULL, NULL, '768f8e64-7d10-20c9-967d-e8c757976496', 'KT', 'Phòng kỹ thuật', '3700cc49-55b5-69ea-4929-a2925c0f334d', 'MH', 'Màn hình', '2023-04-18 00:00:00', '2023-02-18 00:00:00', 2500000, 3, 9.09, 227250, 2023, 11, 2023, True, NULL, '', '2023-09-06 08:51:53', '', '2023-09-06 15:30:00', 227250, 2272750),
('23dcec68-265b-4501-90fc-8bcf55e9a718', 'TS00208', 'Samsung Galaxy S21', NULL, NULL, NULL, '11452b0c-768e-5ff7-0d63-eeb1d8ed8cef', 'HCKT', 'Phòng hành chính kế toán', '25c6c36e-1668-7d10-6e09-bf1378b8dc91', 'ĐT', 'Điện thoại', '2023-03-15 00:00:00', '2022-12-31 00:00:00', 22000000, 2, 11.11, 2444200, 2023, 9, 2023, True, NULL, '', '2023-09-06 08:51:53', '', '2023-09-06 15:30:00', 2444200, 19555800),
('23e68a89-1bdb-471f-a52b-77e6446013cb', 'TS00398', 'Panasonic Lumix GH7', NULL, NULL, NULL, '7686595d-16d5-33b3-0080-e8e2a817c80e', 'CNTT', 'Phòng công nghệ thông tin', '354f1b13-17bf-1b52-87d5-ba100c6f7bce', 'MA', 'Máy ảnh', '2023-05-04 00:00:00', '2022-01-16 00:00:00', 27000000, 8, 7.14, 1927800, 2023, 14, 2023, True, NULL, '', '2023-09-06 08:51:53', '', '2023-09-06 15:30:00', 1927800, 25072200),
('24a326c1-5722-45d4-9dfb-6f61604d3973', 'TS00320', 'OnePlus 10', NULL, NULL, NULL, '142cb08f-7c31-21fa-8e90-67245e8b283e', 'TK', 'Phòng thư ký', '25c6c36e-1668-7d10-6e09-bf1378b8dc91', 'ĐT', 'Điện thoại', '2023-02-14 00:00:00', '2022-12-11 00:00:00', 21500000, 4, 16.67, 3584050, 2023, 6, 2023, True, NULL, '', '2023-09-06 08:51:53', '', '2023-09-06 15:30:00', 3584050, 17915950),
('24a43710-d7fd-4dbd-af36-0f0025370fca', 'TS00352', 'Epson WorkForce Pro WF-4840', NULL, NULL, NULL, '17120d02-6ab5-3e43-18cb-66948daf6128', 'HR', 'Phòng nhân sự', '3e9ce051-3625-11ee-a2e3-d45d64601179', 'MI', 'Máy in', '2022-10-03 00:00:00', '2022-08-09 00:00:00', 13500000, 6, 14.29, 1929150, 2023, 7, 2022, True, NULL, '', '2023-09-06 08:51:53', '', '2023-09-06 15:30:00', 3858300, 9641700),
('24d2b3b3-e89c-4f3e-95f1-a3884a40dfae', 'TS00157', 'Samsung Galaxy Note 20', NULL, NULL, NULL, '142cb08f-7c31-21fa-8e90-67245e8b283e', 'TK', 'Phòng thư ký', '25c6c36e-1668-7d10-6e09-bf1378b8dc91', 'ĐT', 'Điện thoại', '2023-06-29 00:00:00', '2023-05-23 00:00:00', 20000000, 3, 7.14, 1428000, 2023, 14, 2023, True, NULL, '', '2023-09-06 08:51:53', '', '2023-09-06 15:30:00', 1428000, 18572000),
('25a6e7a7-0c40-4cf3-83ea-6821892788de', 'TS00372', 'Samsung 26" Monitor', NULL, NULL, NULL, '768f8e64-7d10-20c9-967d-e8c757976496', 'KT', 'Phòng kỹ thuật', '3700cc49-55b5-69ea-4929-a2925c0f334d', 'MH', 'Màn hình', '2022-10-07 00:00:00', '2022-03-07 00:00:00', 4200000, 4, 16.67, 700140, 2023, 6, 2022, True, NULL, '', '2023-09-06 08:51:53', '', '2023-09-06 15:30:00', 1400280, 2799720),
('2680d17f-b4b3-4e38-8498-801b97b183df', 'TS00075', 'HP LaserJet Pro', NULL, NULL, NULL, '7686595d-16d5-33b3-0080-e8e2a817c80e', 'CNTT', 'Phòng công nghệ thông tin', '3e9ce051-3625-11ee-a2e3-d45d64601179', 'MI', 'Máy in', '2023-03-30 00:00:00', '2022-11-19 00:00:00', 2000000, 6, 9.09, 181800, 2023, 11, 2023, True, NULL, '', '2023-09-06 08:51:53', '', '2023-09-13 11:16:29', 181800, 1818200),
('268a0267-9a7b-4ab8-b923-c2e8704462f1', 'TS00366', 'Logitech G904', NULL, NULL, NULL, '768f8e64-7d10-20c9-967d-e8c757976496', 'KT', 'Phòng kỹ thuật', 'dd23336c-3624-11ee-a2e3-d45d64601179', 'CMT', 'Chuột máy tính\r\n', '2022-11-24 00:00:00', '2022-11-22 00:00:00', 2100000, 3, 9.09, 190890, 2023, 11, 2022, True, NULL, '', '2023-09-06 08:51:53', '', '2023-09-13 11:16:29', 381780, 1718220),
('268f8b87-4414-4751-add2-55f95a7dcd6c', 'TS00138', 'Logitech MX Master 3', NULL, NULL, NULL, '469b3ece-744a-45d5-957d-e8c757976496', 'NC', 'Phòng nghiên cứu', 'dd23336c-3624-11ee-a2e3-d45d64601179', 'CMT', 'Chuột máy tính\r\n', '2023-05-20 00:00:00', '2023-05-19 00:00:00', 1500000, 1, 8.33, 124950, 2023, 12, 2023, True, NULL, '', '2023-09-06 08:51:53', '', '2023-09-13 11:16:29', 124950, 1375050),
('26c655dc-243e-4a41-8ba4-92341629b1e8', 'TS00136', 'Dell G5 Gaming Desktop', NULL, NULL, NULL, '7686595d-16d5-33b3-0080-e8e2a817c80e', 'CNTT', 'Phòng công nghệ thông tin', '1b691e79-236d-5b5a-9d20-39c2f00615e8', 'MB', 'Máy bàn', '2022-11-16 00:00:00', '2022-09-25 00:00:00', 25000000, 10, 20, 5000000, 2023, 5, 2022, True, NULL, '', '2023-09-06 08:51:53', '', '2023-09-13 11:16:29', 10000000, 15000000),
('27e05eea-dc8b-499c-be0d-495f99240091', 'TS00143', 'Samsung Galaxy S21 Ultra', NULL, NULL, NULL, '469b3ece-744a-45d5-957d-e8c757976496', 'NC', 'Phòng nghiên cứu', '25c6c36e-1668-7d10-6e09-bf1378b8dc91', 'ĐT', 'Điện thoại', '2023-07-23 00:00:00', '2023-07-11 00:00:00', 30000000, 9, 7.69, 2307000, 2023, 13, 2023, True, NULL, '', '2023-09-06 08:51:53', '', '2023-09-06 15:35:02', 2307000, 27693000),
('27ec0d53-57bb-4a41-8a56-1c2397d6af15', 'TS00081', 'Samsung Galaxy S21', NULL, NULL, NULL, '469b3ece-744a-45d5-957d-e8c757976496', 'NC', 'Phòng nghiên cứu', '25c6c36e-1668-7d10-6e09-bf1378b8dc91', 'ĐT', 'Điện thoại', '2023-04-20 00:00:00', '2022-11-08 00:00:00', 18000000, 7, 7.69, 1384200, 2023, 13, 2023, True, NULL, '', '2023-09-06 08:51:53', '', '2023-09-11 11:32:49', 1384200, 16615800),
('27f1090b-aca4-47a2-a94b-ac45b3b38ebf', 'TS00342', 'HyperX Pulsefire FPS Pro RGB', NULL, NULL, NULL, '59d19422-6657-452e-a7db-e5d54223c257', 'KDTT', 'Phòng kinh doanh và tiếp thị', 'dd23336c-3624-11ee-a2e3-d45d64601179', 'CMT', 'Chuột máy tính\r\n', '2023-02-07 00:00:00', '2022-10-25 00:00:00', 1150000, 2, 8.33, 95795, 2023, 12, 2023, True, NULL, '', '2023-09-06 08:51:53', '', '2023-09-08 14:48:46', 95795, 1054205),
('2a3945dc-b474-4a26-b1d3-699d46a4a313', 'TS00034', 'Máy ảnh Leica Q2', NULL, NULL, NULL, '17120d02-6ab5-3e43-18cb-66948daf6128', 'HR', 'Phòng nhân sự', '354f1b13-17bf-1b52-87d5-ba100c6f7bce', 'MA', 'Máy ảnh', '2022-10-26 00:00:00', '2022-10-10 00:00:00', 888888, 2, 11.11, 98755, 2023, 9, 2022, True, '[{"budget_category_id":"0bba88cc-429f-11ee-9d33-d45d64601179","budget_category_code":"NST","budget_category_name":"Ngân sách Tỉnh","cost":888888}]', '', '2023-09-06 08:51:53', '', '2023-09-11 11:32:49', 197511, 691377),
('2be4c245-b929-4f0d-bc55-c9d0e9616515', 'TS00325', 'Dell XPS 14', NULL, NULL, NULL, '7686595d-16d5-33b3-0080-e8e2a817c80e', 'CNTT', 'Phòng công nghệ thông tin', '148ed882-32b8-218e-9c20-39c2f00615e8', 'MTXT', 'Máy tính xách tay', '2023-04-11 00:00:00', '2022-11-18 00:00:00', 27500000, 6, 9.09, 2499750, 2023, 11, 2023, True, NULL, '', '2023-09-06 08:51:53', '', '2023-09-13 11:16:29', 2499750, 25000250),
('2c7b74bf-8f5b-48e3-8b2a-e0309c031b5a', 'TS00049', 'Máy ảnh Ricoh GR III', NULL, NULL, NULL, '142cb08f-7c31-21fa-8e90-67245e8b283e', 'TK', 'Phòng thư ký', '354f1b13-17bf-1b52-87d5-ba100c6f7bce', 'MA', 'Máy ảnh', '2023-02-03 00:00:00', '2022-11-22 00:00:00', 18000000, 10, 7.14, 1285200, 2023, 14, 2023, True, NULL, '', '2023-09-06 08:51:53', '', '2023-09-08 14:48:46', 1285200, 16714800),
('2cc8b3d3-4c11-4e68-bbb8-2b3444f501e6', 'TS00116', 'Nikon D5600', NULL, NULL, NULL, '768f8e64-7d10-20c9-967d-e8c757976496', 'KT', 'Phòng kỹ thuật', '354f1b13-17bf-1b52-87d5-ba100c6f7bce', 'MA', 'Máy ảnh', '2023-05-07 00:00:00', '2023-01-31 00:00:00', 15000000, 3, 9.09, 1363500, 2023, 11, 2023, True, NULL, '', '2023-09-06 08:51:53', '', '2023-09-13 11:16:29', 1363500, 13636500),
('2d0745e6-1126-4dfd-a048-d8238aab3ffd', 'TS00032', 'Máy bàn HP EliteDesk', NULL, NULL, NULL, '7686595d-16d5-33b3-0080-e8e2a817c80e', 'CNTT', 'Phòng công nghệ thông tin', '1b691e79-236d-5b5a-9d20-39c2f00615e8', 'MB', 'Máy bàn', '2023-02-08 00:00:00', '2022-11-14 00:00:00', 12000000, 6, 6.67, 800400, 2023, 15, 2023, True, NULL, '', '2023-09-06 08:51:53', '', '2023-09-11 17:20:19', 800400, 11199600),
('2d76018a-64b5-48c7-a058-741853a88692', 'TS00176', 'Apple MacBook Air', NULL, NULL, NULL, '768f8e64-7d10-20c9-967d-e8c757976496', 'KT', 'Phòng kỹ thuật', '148ed882-32b8-218e-9c20-39c2f00615e8', 'MTXT', 'Máy tính xách tay', '2023-07-30 00:00:00', '2023-07-30 00:00:00', 20000000, 8, 6.67, 1334000, 2023, 15, 2023, True, NULL, '', '2023-09-06 08:51:53', '', '2023-09-13 11:16:29', 1334000, 18666000),
('2e8b7d30-01e1-4bc5-9607-e46a618a3b9b', 'TS00071', 'Apple MacBook Air', NULL, NULL, NULL, '2bbbd485-6df2-536a-7e32-6a1673ffca7c', 'TCTH', 'Phòng tài chính tổng hợp', '148ed882-32b8-218e-9c20-39c2f00615e8', 'MTXT', 'Máy tính xách tay', '2022-11-15 00:00:00', '2022-08-29 00:00:00', 25000000, 9, 10, 2500000, 2023, 10, 2022, True, NULL, '', '2023-09-06 08:51:53', '', '2023-09-13 11:16:29', 5000000, 20000000),
('2f218525-3f81-438e-83fb-52fabc953c17', 'TS00232', 'Panasonic Lumix GH5', NULL, NULL, NULL, '7686595d-16d5-33b3-0080-e8e2a817c80e', 'CNTT', 'Phòng công nghệ thông tin', '354f1b13-17bf-1b52-87d5-ba100c6f7bce', 'MA', 'Máy ảnh', '2022-12-22 00:00:00', '2022-08-23 00:00:00', 26000000, 6, 6.67, 1734200, 2023, 15, 2022, True, NULL, '', '2023-09-06 08:51:53', '', '2023-09-11 16:33:50', 3468400, 22531600),
('2fc23872-fd22-4ff4-90e8-b6128be89124', 'TS00105', 'OnePlus Nord', NULL, NULL, NULL, '11452b0c-768e-5ff7-0d63-eeb1d8ed8cef', 'HCKT', 'Phòng hành chính kế toán', '25c6c36e-1668-7d10-6e09-bf1378b8dc91', 'ĐT', 'Điện thoại', '2022-10-28 00:00:00', '2022-01-16 00:00:00', 8000000, 7, 7.69, 615200, 2023, 13, 2022, True, NULL, '', '2023-09-06 08:51:53', '', '2023-09-13 11:16:29', 1230400, 6769600),
('2fd72b3b-732a-492d-b51f-b0070a298772', 'TS00159', 'Asus ROG Strix G15', NULL, NULL, NULL, '7686595d-16d5-33b3-0080-e8e2a817c80e', 'CNTT', 'Phòng công nghệ thông tin', '148ed882-32b8-218e-9c20-39c2f00615e8', 'MTXT', 'Máy tính xách tay', '2022-07-22 00:00:00', '2022-06-04 00:00:00', 18000000, 3, 9.09, 1636200, 2023, 11, 2022, True, NULL, '', '2023-09-06 08:51:53', '', '2023-09-13 11:16:29', 3272400, 14727600),
('304c2dcd-ca1b-43c5-9770-c62e33568042', 'TS00285', 'Motorola Edge', NULL, NULL, NULL, '768f8e64-7d10-20c9-967d-e8c757976496', 'KT', 'Phòng kỹ thuật', '25c6c36e-1668-7d10-6e09-bf1378b8dc91', 'ĐT', 'Điện thoại', '2022-11-08 00:00:00', '2022-07-20 00:00:00', 12000000, 8, 20, 2400000, 2023, 5, 2022, True, NULL, '', '2023-09-06 08:51:53', '', '2023-09-13 11:16:29', 4800000, 7200000),
('319eb22e-a8c6-47ec-8e77-1a408962eea7', 'TS00314', 'Samsung Galaxy Note 21', NULL, NULL, NULL, '768f8e64-7d10-20c9-967d-e8c757976496', 'KT', 'Phòng kỹ thuật', '25c6c36e-1668-7d10-6e09-bf1378b8dc91', 'ĐT', 'Điện thoại', '2023-06-11 00:00:00', '2022-02-03 00:00:00', 24500000, 5, 10, 2450000, 2023, 10, 2023, True, NULL, '', '2023-09-06 08:51:53', '', '2023-09-13 11:16:29', 2450000, 22050000),
('32091cc1-b790-4931-9204-d513b7654fd5', 'TS00024', 'Máy ảnh Panasonic Lumix S5', NULL, NULL, NULL, '4577565a-7e3e-493a-74dd-867949feb8b5', 'CSKH', 'Phòng chăm sóc khách hàng', '354f1b13-17bf-1b52-87d5-ba100c6f7bce', 'MA', 'Máy ảnh', '2023-04-23 00:00:00', '2022-05-25 00:00:00', 31500000, 1, 8.33, 2623950, 2023, 12, 2023, True, NULL, '', '2023-09-06 08:51:53', '', '2023-09-13 11:16:29', 2623950, 28876050),
('337a5f5d-fba3-421d-9844-1f7936a83ade', 'TS00249', 'Xiaomi Mi 11', NULL, NULL, NULL, '142cb08f-7c31-21fa-8e90-67245e8b283e', 'TK', 'Phòng thư ký', '25c6c36e-1668-7d10-6e09-bf1378b8dc91', 'ĐT', 'Điện thoại', '2022-04-09 00:00:00', '2022-03-27 00:00:00', 17000000, 10, 7.14, 1213800, 2023, 14, 2022, True, NULL, '', '2023-09-06 08:51:53', '', '2023-09-13 11:16:29', 2427600, 14572400),
('33a073ae-0e9e-46fa-9daa-26c37463fc60', 'TS00276', 'Acer 28" Monitor', NULL, NULL, NULL, '768f8e64-7d10-20c9-967d-e8c757976496', 'KT', 'Phòng kỹ thuật', '3700cc49-55b5-69ea-4929-a2925c0f334d', 'MH', 'Màn hình', '2023-03-13 00:00:00', '2022-04-25 00:00:00', 9000000, 8, 6.67, 600300, 2023, 15, 2023, True, NULL, '', '2023-09-06 08:51:53', '', '2023-09-13 11:16:29', 600300, 8399700),
('36a9b605-5f2e-444b-9855-69e446e2d676', 'TS00360', 'SteelSeries Rival 5', NULL, NULL, NULL, '17120d02-6ab5-3e43-18cb-66948daf6128', 'HR', 'Phòng nhân sự', 'dd23336c-3624-11ee-a2e3-d45d64601179', 'CMT', 'Chuột máy tính\r\n', '2022-03-25 00:00:00', '2022-02-14 00:00:00', 1750000, 4, 12.5, 218750, 2023, 8, 2022, True, NULL, '', '2023-09-06 08:51:53', '', '2023-09-13 11:16:29', 437500, 1312500),
('36b637c9-a251-41e1-9893-1d9d9eea5200', 'TS00090', 'Razer DeathAdder', NULL, NULL, NULL, '2bbbd485-6df2-536a-7e32-6a1673ffca7c', 'TCTH', 'Phòng tài chính tổng hợp', 'dd23336c-3624-11ee-a2e3-d45d64601179', 'CMT', 'Chuột máy tính\r\n', '2023-05-21 00:00:00', '2023-01-30 00:00:00', 500000, 4, 25, 125000, 2023, 4, 2023, True, NULL, '', '2023-09-06 08:51:53', '', '2023-09-13 11:16:29', 125000, 375000),
('373646a6-f4e5-4e88-ab29-4260c8ad0b02', 'TS00123', 'Canon EOS M50', NULL, NULL, NULL, '59d19422-6657-452e-a7db-e5d54223c257', 'KDTT', 'Phòng kinh doanh và tiếp thị', '354f1b13-17bf-1b52-87d5-ba100c6f7bce', 'MA', 'Máy ảnh', '2023-07-24 00:00:00', '2022-01-29 00:00:00', 16000000, 10, 9.09, 1454400, 2023, 11, 2023, True, NULL, '', '2023-09-06 08:51:53', '', '2023-09-13 11:16:29', 1454400, 14545600),
('378f4c63-deda-4cf5-bd92-e3c8bba77985', 'TS00289', 'Logitech G903', NULL, NULL, NULL, '142cb08f-7c31-21fa-8e90-67245e8b283e', 'TK', 'Phòng thư ký', 'dd23336c-3624-11ee-a2e3-d45d64601179', 'CMT', 'Chuột máy tính\r\n', '2023-05-07 00:00:00', '2023-04-28 00:00:00', 2000000, 2, 6.67, 133400, 2023, 15, 2023, True, NULL, '', '2023-09-06 08:51:53', '', '2023-09-13 11:16:29', 133400, 1866600),
('3805f859-9680-4e9d-996e-c4c590aaaf69', 'TS00384', 'HP Pavilion 3', NULL, NULL, NULL, '17120d02-6ab5-3e43-18cb-66948daf6128', 'HR', 'Phòng nhân sự', '148ed882-32b8-218e-9c20-39c2f00615e8', 'MTXT', 'Máy tính xách tay', '2023-01-11 00:00:00', '2022-06-23 00:00:00', 16000000, 2, 11.11, 1777600, 2023, 9, 2023, True, NULL, '', '2023-09-06 08:51:53', '', '2023-09-13 11:16:29', 1777600, 14222400),
('399de5a7-a9ab-4d08-9ffc-5eddb2375e7e', 'TS00322', 'Canon ImageCLASS MF237w', NULL, NULL, NULL, '768f8e64-7d10-20c9-967d-e8c757976496', 'KT', 'Phòng kỹ thuật', '3e9ce051-3625-11ee-a2e3-d45d64601179', 'MI', 'Máy in', '2023-07-20 00:00:00', '2023-07-19 00:00:00', 5050000, 4, 16.67, 841835, 2023, 6, 2023, True, NULL, '', '2023-09-06 08:51:53', '', '2023-09-06 08:51:53', 841835, 4208165),
('39d1836d-e103-49be-a116-9e0a147e0181', 'TS00111', 'Canon PIXMA TR4520', NULL, NULL, NULL, '768f8e64-7d10-20c9-967d-e8c757976496', 'KT', 'Phòng kỹ thuật', '3e9ce051-3625-11ee-a2e3-d45d64601179', 'MI', 'Máy in', '2023-04-27 00:00:00', '2023-03-31 00:00:00', 1200000, 9, 7.14, 85680, 2023, 14, 2023, True, NULL, '', '2023-09-06 08:51:53', '', '2023-09-06 08:51:53', 85680, 1114320),
('3a8a086b-bf3b-4bf1-836b-36b2774fc42c', 'TS00226', 'Sony Alpha a7 III', NULL, NULL, NULL, '768f8e64-7d10-20c9-967d-e8c757976496', 'KT', 'Phòng kỹ thuật', '354f1b13-17bf-1b52-87d5-ba100c6f7bce', 'MA', 'Máy ảnh', '2023-07-21 00:00:00', '2023-06-11 00:00:00', 30000000, 8, 6.67, 2001000, 2023, 15, 2023, True, NULL, '', '2023-09-06 08:51:53', '', '2023-09-06 08:51:53', 2001000, 27999000),
('3b232227-740f-4564-a42b-59a3d66f0f7c', 'TS00225', 'Samsung Galaxy Note 20', NULL, NULL, NULL, '7686595d-16d5-33b3-0080-e8e2a817c80e', 'CNTT', 'Phòng công nghệ thông tin', '25c6c36e-1668-7d10-6e09-bf1378b8dc91', 'ĐT', 'Điện thoại', '2022-12-02 00:00:00', '2022-07-17 00:00:00', 24000000, 6, 9.09, 2181600, 2023, 11, 2022, True, NULL, '', '2023-09-06 08:51:53', '', '2023-09-06 08:51:53', 4363200, 19636800),
('3b410723-1214-4890-afb9-f81edc067f00', 'TS00257', 'Ricoh SP 377DNwX', NULL, NULL, NULL, '142cb08f-7c31-21fa-8e90-67245e8b283e', 'TK', 'Phòng thư ký', '3e9ce051-3625-11ee-a2e3-d45d64601179', 'MI', 'Máy in', '2023-07-22 00:00:00', '2023-06-25 00:00:00', 9000000, 3, 7.14, 642600, 2023, 14, 2023, True, NULL, '', '2023-09-06 08:51:53', '', '2023-09-06 08:51:53', 642600, 8357400),
('3bc36658-5196-4575-ae08-db62bc059aab', 'TS00073', 'Canon EOS R5', NULL, NULL, NULL, '59d19422-6657-452e-a7db-e5d54223c257', 'KDTT', 'Phòng kinh doanh và tiếp thị', '354f1b13-17bf-1b52-87d5-ba100c6f7bce', 'MA', 'Máy ảnh', '2023-03-25 00:00:00', '2023-01-07 00:00:00', 60000000, 10, 9.09, 5454000, 2023, 11, 2023, True, NULL, '', '2023-09-06 08:51:53', '', '2023-09-06 08:51:53', 5454000, 54546000),
('3c2fea9f-c2c9-4a3c-aea8-bc9e39265932', 'TS00140', 'Nikon Z7', NULL, NULL, NULL, '2bbbd485-6df2-536a-7e32-6a1673ffca7c', 'TCTH', 'Phòng tài chính tổng hợp', '354f1b13-17bf-1b52-87d5-ba100c6f7bce', 'MA', 'Máy ảnh', '2022-06-29 00:00:00', '2022-04-10 00:00:00', 55000000, 4, 25, 13750000, 2023, 4, 2022, True, NULL, '', '2023-09-06 08:51:53', '', '2023-09-06 08:51:53', 27500000, 27500000),
('3c3beddd-a857-4ca4-bdfc-c2ef01330628', 'TS00110', 'Bose SoundSport Free', NULL, NULL, NULL, '17120d02-6ab5-3e43-18cb-66948daf6128', 'HR', 'Phòng nhân sự', '09cfb0c0-3625-11ee-a2e3-d45d64601179', 'TN', 'Tai nghe\r\n', '2022-09-01 00:00:00', '2022-01-25 00:00:00', 3000000, 4, 12.5, 375000, 2023, 8, 2022, True, NULL, '', '2023-09-06 08:51:53', '', '2023-09-06 08:51:53', 750000, 2250000),
('3c569305-0412-4412-9ccd-6e761b1b4699', 'TS00173', 'Canon EOS M50', NULL, NULL, NULL, '59d19422-6657-452e-a7db-e5d54223c257', 'KDTT', 'Phòng kinh doanh và tiếp thị', '354f1b13-17bf-1b52-87d5-ba100c6f7bce', 'MA', 'Máy ảnh', '2023-07-30 00:00:00', '2023-07-05 00:00:00', 16000000, 10, 9.09, 1454400, 2023, 11, 2023, True, NULL, '', '2023-09-06 08:51:53', '', '2023-09-06 08:51:53', 1454400, 14545600),
('3ca22d5b-43d8-4d72-a18a-4caa980dbfb5', 'TS00019', 'Máy ảnh Fujifilm X-T4', NULL, NULL, NULL, '7686595d-16d5-33b3-0080-e8e2a817c80e', 'CNTT', 'Phòng công nghệ thông tin', '354f1b13-17bf-1b52-87d5-ba100c6f7bce', 'MA', 'Máy ảnh', '2022-08-02 00:00:00', '2022-07-25 00:00:00', 36000000, 4, 8.33, 2998800, 2023, 12, 2022, True, NULL, '', '2023-09-06 08:51:53', '', '2023-09-06 08:51:53', 5997600, 30002400),
('3cb7e008-5f16-45b1-b45f-557b2db4c342', 'TS00144', 'Sony A7C', NULL, NULL, NULL, '768f8e64-7d10-20c9-967d-e8c757976496', 'KT', 'Phòng kỹ thuật', '354f1b13-17bf-1b52-87d5-ba100c6f7bce', 'MA', 'Máy ảnh', '2023-07-29 00:00:00', '2023-07-27 00:00:00', 40000000, 10, 6.67, 2668000, 2023, 15, 2023, True, NULL, '', '2023-09-06 08:51:53', '', '2023-09-06 08:51:53', 2668000, 37332000),
('3cf096f8-e70d-4768-ab33-36694719cda1', 'TS00103', 'Microsoft Surface Pro', NULL, NULL, NULL, '768f8e64-7d10-20c9-967d-e8c757976496', 'KT', 'Phòng kỹ thuật', '148ed882-32b8-218e-9c20-39c2f00615e8', 'MTXT', 'Máy tính xách tay', '2023-07-24 00:00:00', '2023-03-10 00:00:00', 20000000, 4, 16.67, 3334000, 2023, 6, 2023, True, NULL, '', '2023-09-06 08:51:53', '', '2023-09-06 08:51:53', 3334000, 16666000),
('3d10be52-2cc1-4726-8896-30faca92aab6', 'TS00293', 'HP LaserJet Pro M405n', NULL, NULL, NULL, '469b3ece-744a-45d5-957d-e8c757976496', 'NC', 'Phòng nghiên cứu', '3e9ce051-3625-11ee-a2e3-d45d64601179', 'MI', 'Máy in', '2023-06-02 00:00:00', '2022-02-05 00:00:00', 7500000, 9, 7.69, 576750, 2023, 13, 2023, True, NULL, '', '2023-09-06 08:51:53', '', '2023-09-06 08:51:53', 576750, 6923250),
('3d2575b0-9a58-4ed6-9847-9671e09ad3fe', 'TS00393', 'Brother HL-L2390DW', NULL, NULL, NULL, '469b3ece-744a-45d5-957d-e8c757976496', 'NC', 'Phòng nghiên cứu', '3e9ce051-3625-11ee-a2e3-d45d64601179', 'MI', 'Máy in', '2023-01-03 00:00:00', '2022-05-03 00:00:00', 4100000, 9, 7.69, 315290, 2023, 13, 2023, True, NULL, '', '2023-09-06 08:51:53', '', '2023-09-06 08:51:53', 315290, 3784710),
('3de85ad4-1c4e-4683-9996-bb89cb2d838c', 'TS00162', 'Dell OptiPlex 3070', NULL, NULL, NULL, '11452b0c-768e-5ff7-0d63-eeb1d8ed8cef', 'HCKT', 'Phòng hành chính kế toán', '1b691e79-236d-5b5a-9d20-39c2f00615e8', 'MB', 'Máy bàn', '2022-09-04 00:00:00', '2022-01-31 00:00:00', 10000000, 2, 25, 2500000, 2023, 4, 2022, True, NULL, '', '2023-09-06 08:51:53', '', '2023-09-06 08:51:53', 5000000, 5000000),
('3e1e5199-02e7-4680-9b22-05f7cfa7b608', 'TS00134', 'Bose SoundLink Revolve', NULL, NULL, NULL, '17120d02-6ab5-3e43-18cb-66948daf6128', 'HR', 'Phòng nhân sự', '09cfb0c0-3625-11ee-a2e3-d45d64601179', 'TN', 'Tai nghe\r\n', '2023-05-30 00:00:00', '2023-05-28 00:00:00', 4500000, 2, 11.11, 499950, 2023, 9, 2023, True, NULL, '', '2023-09-06 08:51:53', '', '2023-09-06 08:51:53', 499950, 4000050),
('3e828f78-1f21-462d-93f6-2a2a99cc0024', 'TS00315', 'Sony Alpha a7 IV', NULL, NULL, NULL, '7686595d-16d5-33b3-0080-e8e2a817c80e', 'CNTT', 'Phòng công nghệ thông tin', '354f1b13-17bf-1b52-87d5-ba100c6f7bce', 'MA', 'Máy ảnh', '2023-07-25 00:00:00', '2022-11-23 00:00:00', 30500000, 1, 10, 3050000, 2023, 10, 2023, True, NULL, '', '2023-09-06 08:51:53', '', '2023-09-06 08:51:53', 3050000, 27450000),
('3e86950b-40a4-479e-8e60-dae464597e7c', 'TS00228', 'BenQ 28" Monitor', NULL, NULL, NULL, '11452b0c-768e-5ff7-0d63-eeb1d8ed8cef', 'HCKT', 'Phòng hành chính kế toán', '3700cc49-55b5-69ea-4929-a2925c0f334d', 'MH', 'Màn hình', '2023-01-07 00:00:00', '2022-09-25 00:00:00', 5500000, 7, 10, 550000, 2023, 10, 2023, True, NULL, '', '2023-09-06 08:51:53', '', '2023-09-06 08:51:53', 550000, 4950000),
('3e9facca-04d5-4ad0-a8b3-0d617694a0cd', 'TS00048', 'Điện thoại Blackberry Key2', NULL, NULL, NULL, '7686595d-16d5-33b3-0080-e8e2a817c80e', 'CNTT', 'Phòng công nghệ thông tin', '25c6c36e-1668-7d10-6e09-bf1378b8dc91', 'ĐT', 'Điện thoại', '2023-05-27 00:00:00', '2022-08-17 00:00:00', 11250000, 8, 7.14, 803250, 2023, 14, 2023, True, NULL, '', '2023-09-06 08:51:53', '', '2023-09-06 08:51:53', 803250, 10446750),
('3fc01f0b-3cdc-4fc8-9f19-cf02a96124db', 'TS00086', 'HP Pavilion Desktop', NULL, NULL, NULL, '7686595d-16d5-33b3-0080-e8e2a817c80e', 'CNTT', 'Phòng công nghệ thông tin', '1b691e79-236d-5b5a-9d20-39c2f00615e8', 'MB', 'Máy bàn', '2023-03-29 00:00:00', '2022-12-17 00:00:00', 12000000, 10, 20, 2400000, 2023, 5, 2023, True, NULL, '', '2023-09-06 08:51:53', '', '2023-09-06 08:51:53', 2400000, 9600000),
('407e40cb-2644-484d-ad83-5d0b070901b2', 'TS00353', 'BenQ 33" Monitor', NULL, NULL, NULL, '768f8e64-7d10-20c9-967d-e8c757976496', 'KT', 'Phòng kỹ thuật', '3700cc49-55b5-69ea-4929-a2925c0f334d', 'MH', 'Màn hình', '2023-07-28 00:00:00', '2023-07-28 00:00:00', 9600000, 4, 16.67, 1600320, 2023, 6, 2023, True, NULL, '', '2023-09-06 08:51:53', '', '2023-09-06 08:51:53', 1600320, 7999680),
('40cd6e82-73ab-490a-b386-3e2c187c030b', 'TS00035', 'Màn hình ViewSonic 32"', NULL, NULL, NULL, '768f8e64-7d10-20c9-967d-e8c757976496', 'KT', 'Phòng kỹ thuật', '3700cc49-55b5-69ea-4929-a2925c0f334d', 'MH', 'Màn hình', '2022-10-12 00:00:00', '2022-07-29 00:00:00', 9000000, 8, 20, 1800000, 2023, 5, 2022, True, NULL, '', '2023-09-06 08:51:53', '', '2023-09-06 08:51:53', 3600000, 5400000),
('4158bea3-1a54-4f41-bddf-0e76231feb13', 'TS00391', 'Samsung Galaxy Note 22', NULL, NULL, NULL, '59d19422-6657-452e-a7db-e5d54223c257', 'KDTT', 'Phòng kinh doanh và tiếp thị', '25c6c36e-1668-7d10-6e09-bf1378b8dc91', 'ĐT', 'Điện thoại', '2023-07-26 00:00:00', '2023-07-20 00:00:00', 25000000, 1, 7.69, 1922500, 2023, 13, 2023, True, NULL, '', '2023-09-06 08:51:53', '', '2023-09-06 08:51:53', 1922500, 23077500),
('42069bfd-5924-45b4-86ec-496cbf0895ff', 'TS00112', 'Dell OptiPlex 3070', NULL, NULL, NULL, '11452b0c-768e-5ff7-0d63-eeb1d8ed8cef', 'HCKT', 'Phòng hành chính kế toán', '1b691e79-236d-5b5a-9d20-39c2f00615e8', 'MB', 'Máy bàn', '2023-02-02 00:00:00', '2022-01-05 00:00:00', 10000000, 2, 25, 2500000, 2023, 4, 2023, True, NULL, '', '2023-09-06 08:51:53', '', '2023-09-06 08:51:53', 2500000, 7500000),
('431149b2-3244-478e-9f9c-23000bbbcd9d', 'TS00191', 'Dell Inspiron 14 7000', NULL, NULL, NULL, '59d19422-6657-452e-a7db-e5d54223c257', 'KDTT', 'Phòng kinh doanh và tiếp thị', '148ed882-32b8-218e-9c20-39c2f00615e8', 'MTXT', 'Máy tính xách tay', '2023-02-12 00:00:00', '2023-01-28 00:00:00', 16000000, 1, 7.69, 1230400, 2023, 13, 2023, True, NULL, '', '2023-09-06 08:51:53', '', '2023-09-06 08:51:53', 1230400, 14769600),
('439ab0fb-f9df-467f-ab0c-1419c1f734bb', 'TS00001', 'Máy tính xách tay Dell XPS', NULL, NULL, NULL, '11452b0c-768e-5ff7-0d63-eeb1d8ed8cef', 'HCKT', 'Phòng hành chính kế toán', '148ed882-32b8-218e-9c20-39c2f00615e8', 'MTXT', 'Máy tính xách tay', '2022-03-03 00:00:00', '2022-01-02 00:00:00', 27000000, 10, 9.09, 2454300, 2023, 11, 2022, True, NULL, '', '2023-09-06 08:51:53', '', '2023-09-06 08:51:53', 4908600, 22091400),
('439f3690-b0a2-4792-bccb-76459e43f7b7', 'TS00013', 'Điện thoại Google Pixel 6', NULL, NULL, NULL, '142cb08f-7c31-21fa-8e90-67245e8b283e', 'TK', 'Phòng thư ký', '25c6c36e-1668-7d10-6e09-bf1378b8dc91', 'ĐT', 'Điện thoại', '2023-07-02 00:00:00', '2023-05-31 00:00:00', 13500000, 8, 10, 1350000, 2023, 10, 2023, True, NULL, '', '2023-09-06 08:51:53', '', '2023-09-06 08:51:53', 1350000, 12150000),
('4456bf09-aea8-48ba-9c75-5a462d414a37', 'TS00349', 'HP EliteBook 2', NULL, NULL, NULL, '142cb08f-7c31-21fa-8e90-67245e8b283e', 'TK', 'Phòng thư ký', '148ed882-32b8-218e-9c20-39c2f00615e8', 'MTXT', 'Máy tính xách tay', '2023-06-20 00:00:00', '2023-06-19 00:00:00', 21500000, 10, 7.14, 1535100, 2023, 14, 2023, True, NULL, '', '2023-09-06 08:51:53', '', '2023-09-06 08:51:53', 1535100, 19964900),
('44bc7d5c-ad18-4547-9d03-2cfdbc649eb6', 'TS00016', 'Máy tính xách tay Asus ZenBook', NULL, NULL, NULL, '768f8e64-7d10-20c9-967d-e8c757976496', 'KT', 'Phòng kỹ thuật', '148ed882-32b8-218e-9c20-39c2f00615e8', 'MTXT', 'Máy tính xách tay', '2023-07-05 00:00:00', '2023-03-27 00:00:00', 27000000, 3, 9.09, 2454300, 2023, 11, 2023, True, NULL, '', '2023-09-06 08:51:53', '', '2023-09-06 08:51:53', 2454300, 24545700),
('464e5359-8782-4184-9756-1de81e251634', 'TS00040', 'Màn hình Asus 27"', NULL, NULL, NULL, '2bbbd485-6df2-536a-7e32-6a1673ffca7c', 'TCTH', 'Phòng tài chính tổng hợp', '3700cc49-55b5-69ea-4929-a2925c0f334d', 'MH', 'Màn hình', '2023-05-30 00:00:00', '2023-03-13 00:00:00', 6750000, 4, 25, 1687500, 2023, 4, 2023, True, NULL, '', '2023-09-06 08:51:53', '', '2023-09-06 08:51:53', 1687500, 5062500),
('4650622b-9ead-4fd3-8891-5d8f027df017', 'TS00370', 'HP LaserJet Pro M406n', NULL, NULL, NULL, '142cb08f-7c31-21fa-8e90-67245e8b283e', 'TK', 'Phòng thư ký', '3e9ce051-3625-11ee-a2e3-d45d64601179', 'MI', 'Máy in', '2022-11-19 00:00:00', '2022-07-03 00:00:00', 7600000, 4, 16.67, 1266920, 2023, 6, 2022, True, NULL, '', '2023-09-06 08:51:53', '', '2023-09-06 08:51:53', 2533840, 5066160),
('494a0909-3c2d-4dc9-991c-956741b700fe', 'TS00109', 'Asus ROG Strix G15', NULL, NULL, NULL, '7686595d-16d5-33b3-0080-e8e2a817c80e', 'CNTT', 'Phòng công nghệ thông tin', '148ed882-32b8-218e-9c20-39c2f00615e8', 'MTXT', 'Máy tính xách tay', '2022-09-14 00:00:00', '2022-06-10 00:00:00', 18000000, 3, 9.09, 1636200, 2023, 11, 2022, True, NULL, '', '2023-09-06 08:51:53', '', '2023-09-06 08:51:53', 3272400, 14727600),
('49b12d52-897c-4f34-bd27-096b13208f9a', 'TS00031', 'Máy tính xách tay Acer Swift', NULL, NULL, NULL, '469b3ece-744a-45d5-957d-e8c757976496', 'NC', 'Phòng nghiên cứu', '148ed882-32b8-218e-9c20-39c2f00615e8', 'MTXT', 'Máy tính xách tay', '2023-06-16 00:00:00', '2023-06-09 00:00:00', 18000000, 7, 7.69, 1384200, 2023, 13, 2023, True, NULL, '', '2023-09-06 08:51:53', '', '2023-09-06 08:51:53', 1384200, 16615800),
('49f77557-b9aa-4419-af08-eb8be35c0bfa', 'TS00004', 'Máy ảnh Canon EOS R6', NULL, NULL, NULL, '142cb08f-7c31-21fa-8e90-67245e8b283e', 'TK', 'Phòng thư ký', '354f1b13-17bf-1b52-87d5-ba100c6f7bce', 'MA', 'Máy ảnh', '2023-05-03 00:00:00', '2022-10-16 00:00:00', 56250000, 6, 7.69, 4325625, 2023, 13, 2023, True, NULL, '', '2023-09-06 08:51:53', '', '2023-09-06 08:51:53', 4325625, 51924375),
('4a30cacc-a55d-46f9-9f53-ec2ff3c89561', 'TS00400', 'Asus 36" Monitor', NULL, NULL, NULL, '4e272fc4-7875-78d6-7d32-6a1673ffca7c', 'QL', 'Phòng quản lý', '3700cc49-55b5-69ea-4929-a2925c0f334d', 'MH', 'Màn hình', '2022-08-29 00:00:00', '2022-01-19 00:00:00', 7200000, 9, 11.11, 799920, 2023, 9, 2022, True, NULL, '', '2023-09-06 08:51:53', '', '2023-09-06 08:51:53', 1599840, 5600160),
('4a938c01-c867-47b9-bb3f-0330c3eeb493', 'TS00295', 'Samsung 25" Monitor', NULL, NULL, NULL, '4e272fc4-7875-78d6-7d32-6a1673ffca7c', 'QL', 'Phòng quản lý', '3700cc49-55b5-69ea-4929-a2925c0f334d', 'MH', 'Màn hình', '2023-03-16 00:00:00', '2022-02-06 00:00:00', 4100000, 3, 8.33, 341530, 2023, 12, 2023, True, NULL, '', '2023-09-06 08:51:53', '', '2023-09-06 08:51:53', 341530, 3758470),
('4be9219f-7c73-40f1-b029-63bcde071141', 'TS00106', 'Razer BlackWidow', NULL, NULL, NULL, '4e272fc4-7875-78d6-7d32-6a1673ffca7c', 'QL', 'Phòng quản lý', 'fa18577f-3624-11ee-a2e3-d45d64601179', 'BP', 'Bàn phím', '2023-07-21 00:00:00', '2023-07-08 00:00:00', 1500000, 6, 11.11, 166650, 2023, 9, 2023, True, NULL, '', '2023-09-06 08:51:53', '', '2023-09-06 08:51:53', 166650, 1333350),
('4d53a229-aaf2-4fac-b93a-59c9545efd0b', 'TS00029', 'Máy ảnh Olympus OM-D E-M10', NULL, NULL, NULL, '59d19422-6657-452e-a7db-e5d54223c257', 'KDTT', 'Phòng kinh doanh và tiếp thị', '354f1b13-17bf-1b52-87d5-ba100c6f7bce', 'MA', 'Máy ảnh', '2022-12-01 00:00:00', '2022-09-23 00:00:00', 22500000, 8, 6.67, 1500750, 2023, 15, 2022, True, NULL, '', '2023-09-06 08:51:53', '', '2023-09-06 08:51:53', 3001500, 19498500),
('4efc2608-bc9a-4f77-8573-d0895812f787', 'TS00291', 'iPhone 14', NULL, NULL, NULL, '59d19422-6657-452e-a7db-e5d54223c257', 'KDTT', 'Phòng kinh doanh và tiếp thị', '25c6c36e-1668-7d10-6e09-bf1378b8dc91', 'ĐT', 'Điện thoại', '2023-07-14 00:00:00', '2023-06-09 00:00:00', 24000000, 1, 7.69, 1845600, 2023, 13, 2023, True, NULL, '', '2023-09-06 08:51:53', '', '2023-09-06 08:51:53', 1845600, 22154400),
('4fd4451a-c2af-4516-8ea8-9c66823d271e', 'TS00364', 'Canon MAXIFY MB2730', NULL, NULL, NULL, '768f8e64-7d10-20c9-967d-e8c757976496', 'KT', 'Phòng kỹ thuật', '3e9ce051-3625-11ee-a2e3-d45d64601179', 'MI', 'Máy in', '2023-04-28 00:00:00', '2022-08-18 00:00:00', 14500000, 5, 10, 1450000, 2023, 10, 2023, True, NULL, '', '2023-09-06 08:51:53', '', '2023-09-06 08:51:53', 1450000, 13050000),
('5166d2d8-e1ee-43e6-bc83-b212a561b37b', 'TS00382', 'Dell 34" Monitor', NULL, NULL, NULL, '7686595d-16d5-33b3-0080-e8e2a817c80e', 'CNTT', 'Phòng công nghệ thông tin', '3700cc49-55b5-69ea-4929-a2925c0f334d', 'MH', 'Màn hình', '2023-07-25 00:00:00', '2023-07-19 00:00:00', 6200000, 6, 6.67, 413540, 2023, 15, 2023, True, NULL, '', '2023-09-06 08:51:53', '', '2023-09-06 08:51:53', 413540, 5786460),
('5475caf5-6d38-4540-a68b-8a3e6949bb67', 'TS00383', 'Microsoft Sculpt Comfort', NULL, NULL, NULL, '17120d02-6ab5-3e43-18cb-66948daf6128', 'HR', 'Phòng nhân sự', 'dd23336c-3624-11ee-a2e3-d45d64601179', 'CMT', 'Chuột máy tính\r\n', '2023-07-23 00:00:00', '2023-07-20 00:00:00', 820000, 4, 12.5, 102500, 2023, 8, 2023, True, NULL, '', '2023-09-06 08:51:53', '', '2023-09-06 08:51:53', 102500, 717500),
('54cece55-b2fd-4a54-89a3-af16a2b645bb', 'TS00161', 'Canon PIXMA TR4520', NULL, NULL, NULL, '768f8e64-7d10-20c9-967d-e8c757976496', 'KT', 'Phòng kỹ thuật', '3e9ce051-3625-11ee-a2e3-d45d64601179', 'MI', 'Máy in', '2023-05-20 00:00:00', '2023-04-25 00:00:00', 1200000, 9, 7.14, 85680, 2023, 14, 2023, True, NULL, '', '2023-09-06 08:51:53', '', '2023-09-06 08:51:53', 85680, 1114320),
('556aa824-a7ac-4e80-a482-f241cdbbb8e9', 'TS00060', 'Dell 27 Monitor', NULL, NULL, NULL, '17120d02-6ab5-3e43-18cb-66948daf6128', 'HR', 'Phòng nhân sự', '3700cc49-55b5-69ea-4929-a2925c0f334d', 'MH', 'Màn hình', '2023-04-07 00:00:00', '2022-08-30 00:00:00', 3000000, 4, 12.5, 375000, 2023, 8, 2023, True, NULL, '', '2023-09-06 08:51:53', '', '2023-09-06 08:51:53', 375000, 2625000),
('5574bf1a-73ad-4e4f-a9a1-40530ddcfd90', 'TS00376', 'HP DeskJet 2740', NULL, NULL, NULL, '768f8e64-7d10-20c9-967d-e8c757976496', 'KT', 'Phòng kỹ thuật', '3e9ce051-3625-11ee-a2e3-d45d64601179', 'MI', 'Máy in', '2023-07-16 00:00:00', '2023-07-09 00:00:00', 2100000, 8, 6.67, 140070, 2023, 15, 2023, True, NULL, '', '2023-09-06 08:51:53', '', '2023-09-06 08:51:53', 140070, 1959930),
('5577d588-13a8-47e5-86b4-7ef86630834b', 'TS00355', 'Dell Latitude 2', NULL, NULL, NULL, '11452b0c-768e-5ff7-0d63-eeb1d8ed8cef', 'HCKT', 'Phòng hành chính kế toán', '148ed882-32b8-218e-9c20-39c2f00615e8', 'MTXT', 'Máy tính xách tay', '2022-11-17 00:00:00', '2022-11-17 00:00:00', 19500000, 7, 7.69, 1499550, 2023, 13, 2022, True, NULL, '', '2023-09-06 08:51:53', '', '2023-09-06 08:51:53', 2999100, 16500900),
('5713170e-fb2c-4ca8-ab31-1f4766ccc760', 'TS00280', 'Sony Alpha a6400', NULL, NULL, NULL, '2bbbd485-6df2-536a-7e32-6a1673ffca7c', 'TCTH', 'Phòng tài chính tổng hợp', '354f1b13-17bf-1b52-87d5-ba100c6f7bce', 'MA', 'Máy ảnh', '2022-08-29 00:00:00', '2022-02-08 00:00:00', 24000000, 10, 10, 2400000, 2023, 10, 2022, True, NULL, '', '2023-09-06 08:51:53', '', '2023-09-06 08:51:53', 4800000, 19200000),
('59ce2285-469b-4e96-b8bb-7a6b14746bd7', 'TS00142', 'Razer Kraken X', NULL, NULL, NULL, '59d19422-6657-452e-a7db-e5d54223c257', 'KDTT', 'Phòng kinh doanh và tiếp thị', '09cfb0c0-3625-11ee-a2e3-d45d64601179', 'TN', 'Tai nghe\r\n', '2023-05-30 00:00:00', '2022-07-31 00:00:00', 1000000, 2, 8.33, 83300, 2023, 12, 2023, True, NULL, '', '2023-09-06 08:51:53', '', '2023-09-06 08:51:53', 83300, 916700),
('5a3d3113-68f0-4bef-8f80-82b815be5c14', 'TS00084', 'Canon PIXMA MG2522', NULL, NULL, NULL, '17120d02-6ab5-3e43-18cb-66948daf6128', 'HR', 'Phòng nhân sự', '3e9ce051-3625-11ee-a2e3-d45d64601179', 'MI', 'Máy in', '2023-03-22 00:00:00', '2022-11-10 00:00:00', 1500000, 2, 11.11, 166650, 2023, 9, 2023, True, NULL, '', '2023-09-06 08:51:53', '', '2023-09-06 08:51:53', 166650, 1333350),
('5a8ed5dd-ea3b-4c88-a0ab-df5b60932d41', 'TS00283', 'HyperX Pulsefire Dart', NULL, NULL, NULL, '17120d02-6ab5-3e43-18cb-66948daf6128', 'HR', 'Phòng nhân sự', 'dd23336c-3624-11ee-a2e3-d45d64601179', 'CMT', 'Chuột máy tính\r\n', '2022-10-06 00:00:00', '2022-04-01 00:00:00', 1400000, 4, 12.5, 175000, 2023, 8, 2022, True, NULL, '', '2023-09-06 08:51:53', '', '2023-09-06 08:51:53', 350000, 1050000),
('5a92735a-5ca0-4079-ad8e-826c2a1ff73b', 'TS00122', 'Bose SoundLink Mini', NULL, NULL, NULL, '768f8e64-7d10-20c9-967d-e8c757976496', 'KT', 'Phòng kỹ thuật', '09cfb0c0-3625-11ee-a2e3-d45d64601179', 'TN', 'Tai nghe\r\n', '2023-07-06 00:00:00', '2023-03-06 00:00:00', 4000000, 4, 16.67, 666800, 2023, 6, 2023, True, NULL, '', '2023-09-06 08:51:53', '', '2023-09-06 08:51:53', 666800, 3333200),
('5bcc3bad-b14f-4de4-91d1-4cb9c56964a1', 'TS00227', 'Brother HL-L2380DW', NULL, NULL, NULL, '469b3ece-744a-45d5-957d-e8c757976496', 'NC', 'Phòng nghiên cứu', '3e9ce051-3625-11ee-a2e3-d45d64601179', 'MI', 'Máy in', '2023-06-25 00:00:00', '2023-03-08 00:00:00', 4000000, 2, 16.67, 666800, 2023, 6, 2023, True, NULL, '', '2023-09-06 08:51:53', '', '2023-09-06 08:51:53', 666800, 3333200),
('5cf8d95a-c81c-4d19-a692-4e8f89a5bd33', 'TS00359', 'Acer 29" Monitor', NULL, NULL, NULL, '7686595d-16d5-33b3-0080-e8e2a817c80e', 'CNTT', 'Phòng công nghệ thông tin', '3700cc49-55b5-69ea-4929-a2925c0f334d', 'MH', 'Màn hình', '2023-07-31 00:00:00', '2023-05-24 00:00:00', 9100000, 3, 9.09, 827190, 2023, 11, 2023, True, NULL, '', '2023-09-06 08:51:53', '', '2023-09-06 08:51:53', 827190, 8272810),
('5d3bd8c0-f0b9-4741-9a02-311eac497ad9', 'TS00076', 'Dell Inspiron 15', NULL, NULL, NULL, '768f8e64-7d10-20c9-967d-e8c757976496', 'KT', 'Phòng kỹ thuật', '148ed882-32b8-218e-9c20-39c2f00615e8', 'MTXT', 'Máy tính xách tay', '2023-06-10 00:00:00', '2023-03-17 00:00:00', 15000000, 8, 6.67, 1000500, 2023, 15, 2023, True, NULL, '', '2023-09-06 08:51:53', '', '2023-09-06 08:51:53', 1000500, 13999500),
('5f3b946d-d709-4601-818a-a754e67828ea', 'TS00033', 'Điện thoại Nokia 8.3', NULL, NULL, NULL, '17120d02-6ab5-3e43-18cb-66948daf6128', 'HR', 'Phòng nhân sự', '25c6c36e-1668-7d10-6e09-bf1378b8dc91', 'ĐT', 'Điện thoại', '2023-07-08 00:00:00', '2023-03-31 00:00:00', 9000000, 4, 12.5, 1125000, 2023, 8, 2023, True, NULL, '', '2023-09-06 08:51:53', '', '2023-09-06 08:51:53', 1125000, 7875000),
('5f9b1702-f4d9-40b6-a9a1-bb584d420e6d', 'TS00002', 'Máy bàn HP Pavilion', NULL, NULL, NULL, '17120d02-6ab5-3e43-18cb-66948daf6128', 'HR', 'Phòng nhân sự', '1b691e79-236d-5b5a-9d20-39c2f00615e8', 'MB', 'Máy bàn', '2023-07-27 00:00:00', '2023-07-19 00:00:00', 18000000, 6, 14.29, 2572200, 2023, 7, 2023, True, NULL, '', '2023-09-06 08:51:53', '', '2023-09-06 08:51:53', 2572200, 15427800),
('5fb24749-617a-4c60-ba17-83b71ae9ec95', 'TS00292', 'Canon EOS 6D', NULL, NULL, NULL, '59d19422-6657-452e-a7db-e5d54223c257', 'KDTT', 'Phòng kinh doanh và tiếp thị', '354f1b13-17bf-1b52-87d5-ba100c6f7bce', 'MA', 'Máy ảnh', '2022-03-08 00:00:00', '2022-03-05 00:00:00', 47000000, 2, 8.33, 3915100, 2023, 12, 2022, True, NULL, '', '2023-09-06 08:51:53', '', '2023-09-06 08:51:53', 7830200, 39169800),
('60299364-1569-406d-90dd-b8ff9e019fe2', 'TS00271', 'Razer Basilisk X', NULL, NULL, NULL, '2bbbd485-6df2-536a-7e32-6a1673ffca7c', 'TCTH', 'Phòng tài chính tổng hợp', 'dd23336c-3624-11ee-a2e3-d45d64601179', 'CMT', 'Chuột máy tính\r\n', '2023-05-03 00:00:00', '2022-01-08 00:00:00', 1700000, 9, 10, 170000, 2023, 10, 2023, True, NULL, '', '2023-09-06 08:51:53', '', '2023-09-06 08:51:53', 170000, 1530000),
('60628d61-5875-408e-919e-8574a1ac9fe4', 'TS00079', 'HP Wired Keyboard', NULL, NULL, NULL, '59d19422-6657-452e-a7db-e5d54223c257', 'KDTT', 'Phòng kinh doanh và tiếp thị', 'fa18577f-3624-11ee-a2e3-d45d64601179', 'BP', 'Bàn phím', '2022-11-10 00:00:00', '2022-04-17 00:00:00', 300000, 8, 6.67, 20010, 2023, 15, 2022, True, NULL, '', '2023-09-06 08:51:53', '', '2023-09-06 08:51:53', 40020, 259980),
('60a7876d-4cf9-4d88-83f7-fdf965cbc0b1', 'TS00333', 'Olympus OM-D E-M10 Mark IV', NULL, NULL, NULL, '17120d02-6ab5-3e43-18cb-66948daf6128', 'HR', 'Phòng nhân sự', '354f1b13-17bf-1b52-87d5-ba100c6f7bce', 'MA', 'Máy ảnh', '2023-05-19 00:00:00', '2023-01-18 00:00:00', 22500000, 4, 12.5, 2812500, 2023, 8, 2023, True, NULL, '', '2023-09-06 08:51:53', '', '2023-09-06 08:51:53', 2812500, 19687500),
('639d1d1b-5ab5-4c0c-b7c5-28a7de206d80', 'TS00367', 'Dell Inspiron 18', NULL, NULL, NULL, '2bbbd485-6df2-536a-7e32-6a1673ffca7c', 'TCTH', 'Phòng tài chính tổng hợp', '148ed882-32b8-218e-9c20-39c2f00615e8', 'MTXT', 'Máy tính xách tay', '2023-07-04 00:00:00', '2023-02-04 00:00:00', 17500000, 8, 11.11, 1944250, 2023, 9, 2023, True, NULL, '', '2023-09-06 08:51:53', '', '2023-09-06 08:51:53', 1944250, 15555750),
('640fa3ab-b877-4828-9fc9-c05d405114b0', 'TS00395', 'Corsair Harpoon RGB Pro', NULL, NULL, NULL, '4e272fc4-7875-78d6-7d32-6a1673ffca7c', 'QL', 'Phòng quản lý', 'dd23336c-3624-11ee-a2e3-d45d64601179', 'CMT', 'Chuột máy tính\r\n', '2023-06-17 00:00:00', '2022-09-29 00:00:00', 920000, 3, 8.33, 76636, 2023, 12, 2023, True, NULL, '', '2023-09-06 08:51:53', '', '2023-09-06 08:51:53', 76636, 843364),
('64bb6311-6495-4604-885c-50317437ee5b', 'TS00128', 'Nikon D780', NULL, NULL, NULL, '11452b0c-768e-5ff7-0d63-eeb1d8ed8cef', 'HCKT', 'Phòng hành chính kế toán', '354f1b13-17bf-1b52-87d5-ba100c6f7bce', 'MA', 'Máy ảnh', '2022-03-30 00:00:00', '2022-03-11 00:00:00', 45000000, 7, 10, 4500000, 2023, 10, 2022, True, NULL, '', '2023-09-06 08:51:53', '', '2023-09-06 08:51:53', 9000000, 36000000),
('654d9dfc-77f4-4f05-8c75-9e8fcfcf918c', 'TS00328', 'Samsung Xpress M2021W', NULL, NULL, NULL, '11452b0c-768e-5ff7-0d63-eeb1d8ed8cef', 'HCKT', 'Phòng hành chính kế toán', '3e9ce051-3625-11ee-a2e3-d45d64601179', 'MI', 'Máy in', '2023-07-09 00:00:00', '2023-01-30 00:00:00', 6050000, 7, 10, 605000, 2023, 10, 2023, True, NULL, '', '2023-09-06 08:51:53', '', '2023-09-06 08:51:53', 605000, 5445000),
('67c0da31-361d-400c-94bb-1446cdeefbb9', 'TS00010', 'Màn hình LG 32"', NULL, NULL, NULL, '17120d02-6ab5-3e43-18cb-66948daf6128', 'HR', 'Phòng nhân sự', '3700cc49-55b5-69ea-4929-a2925c0f334d', 'MH', 'Màn hình', '2022-12-23 00:00:00', '2022-05-22 00:00:00', 9000000, 4, 12.5, 1125000, 2023, 8, 2022, True, NULL, '', '2023-09-06 08:51:53', '', '2023-09-06 08:51:53', 2250000, 6750000),
('685cd2c5-7e89-4ec6-83a2-f55bd8f93048', 'TS00047', 'Máy bàn Corsair One', NULL, NULL, NULL, '469b3ece-744a-45d5-957d-e8c757976496', 'NC', 'Phòng nghiên cứu', '1b691e79-236d-5b5a-9d20-39c2f00615e8', 'MB', 'Máy bàn', '2023-01-10 00:00:00', '2022-09-20 00:00:00', 36000000, 1, 16.67, 6001200, 2023, 6, 2023, True, NULL, '', '2023-09-06 08:51:53', '', '2023-09-06 08:51:53', 6001200, 29998800),
('6874bffc-427c-481f-9933-a142e16de743', 'TS00307', 'HP Pavilion 2', NULL, NULL, NULL, '142cb08f-7c31-21fa-8e90-67245e8b283e', 'TK', 'Phòng thư ký', '148ed882-32b8-218e-9c20-39c2f00615e8', 'MTXT', 'Máy tính xách tay', '2022-10-23 00:00:00', '2022-04-10 00:00:00', 15500000, 3, 7.14, 1106700, 2023, 14, 2022, True, NULL, '', '2023-09-06 08:51:53', '', '2023-09-06 08:51:53', 2213400, 13286600),
('68818600-0af7-4991-817b-f2bdd760e3fb', 'TS00311', 'LG 30" Monitor', NULL, NULL, NULL, '768f8e64-7d10-20c9-967d-e8c757976496', 'KT', 'Phòng kỹ thuật', '3700cc49-55b5-69ea-4929-a2925c0f334d', 'MH', 'Màn hình', '2023-05-21 00:00:00', '2023-03-31 00:00:00', 4600000, 9, 7.14, 328440, 2023, 14, 2023, True, NULL, '', '2023-09-06 08:51:53', '', '2023-09-06 08:51:53', 328440, 4271560),
('695298df-b4b7-4a01-8fad-45a797c7aa24', 'TS00252', 'ViewSonic 27" Monitor', NULL, NULL, NULL, '17120d02-6ab5-3e43-18cb-66948daf6128', 'HR', 'Phòng nhân sự', '3700cc49-55b5-69ea-4929-a2925c0f334d', 'MH', 'Màn hình', '2023-07-24 00:00:00', '2023-07-22 00:00:00', 6500000, 6, 14.29, 928850, 2023, 7, 2023, True, NULL, '', '2023-09-06 08:51:53', '', '2023-09-06 08:51:53', 928850, 5571150),
('69c6fbd1-284b-47ad-9554-1073d80ef3d0', 'TS00253', 'HyperX Pulsefire FPS Pro', NULL, NULL, NULL, '768f8e64-7d10-20c9-967d-e8c757976496', 'KT', 'Phòng kỹ thuật', 'dd23336c-3624-11ee-a2e3-d45d64601179', 'CMT', 'Chuột máy tính\r\n', '2023-07-24 00:00:00', '2023-07-24 00:00:00', 1100000, 4, 16.67, 183370, 2023, 6, 2023, True, NULL, '', '2023-09-06 08:51:53', '', '2023-09-06 08:51:53', 183370, 916630),
('6a0c1ce0-b63a-4445-9131-2d716b92d62a', 'TS00100', 'HP LaserJet Pro', NULL, NULL, NULL, '4e272fc4-7875-78d6-7d32-6a1673ffca7c', 'QL', 'Phòng quản lý', '3e9ce051-3625-11ee-a2e3-d45d64601179', 'MI', 'Máy in', '2023-07-28 00:00:00', '2023-07-21 00:00:00', 2000000, 9, 11.11, 222200, 2023, 9, 2023, True, NULL, '', '2023-09-06 08:51:53', '', '2023-09-06 08:51:53', 222200, 1777800),
('6a9e9d0d-c73a-445b-83eb-5df82998d2d5', 'TS00200', 'Asus TUF Gaming A15', NULL, NULL, NULL, '4e272fc4-7875-78d6-7d32-6a1673ffca7c', 'QL', 'Phòng quản lý', '148ed882-32b8-218e-9c20-39c2f00615e8', 'MTXT', 'Máy tính xách tay', '2023-01-23 00:00:00', '2022-03-24 00:00:00', 20000000, 9, 11.11, 2222000, 2023, 9, 2023, True, NULL, '', '2023-09-06 08:51:53', '', '2023-09-06 08:51:53', 2222000, 17778000),
('6aa1107b-6a0f-4da0-bace-afdf862cf149', 'TS00341', 'ViewSonic 28" Monitor', NULL, NULL, NULL, '59d19422-6657-452e-a7db-e5d54223c257', 'KDTT', 'Phòng kinh doanh và tiếp thị', '3700cc49-55b5-69ea-4929-a2925c0f334d', 'MH', 'Màn hình', '2023-02-11 00:00:00', '2022-06-15 00:00:00', 6600000, 1, 7.69, 507540, 2023, 13, 2023, True, NULL, '', '2023-09-06 08:51:53', '', '2023-09-06 08:51:53', 507540, 6092460),
('6aaed65f-85d8-4b86-9dd8-5d318d96cd5c', 'TS00101', 'iPhone 12 Pro Max', NULL, NULL, NULL, '11452b0c-768e-5ff7-0d63-eeb1d8ed8cef', 'HCKT', 'Phòng hành chính kế toán', '25c6c36e-1668-7d10-6e09-bf1378b8dc91', 'ĐT', 'Điện thoại', '2023-03-08 00:00:00', '2022-01-01 00:00:00', 22000000, 10, 9.09, 1999800, 2023, 11, 2023, True, NULL, '', '2023-09-06 08:51:53', '', '2023-09-06 08:51:53', 1999800, 20000200),
('6aaf951d-db76-453d-9f7f-c92c0482a420', 'TS00007', 'Máy bàn Dell Inspiron', NULL, NULL, NULL, '142cb08f-7c31-21fa-8e90-67245e8b283e', 'TK', 'Phòng thư ký', '1b691e79-236d-5b5a-9d20-39c2f00615e8', 'MB', 'Máy bàn', '2023-05-25 00:00:00', '2022-01-31 00:00:00', 18000000, 3, 7.14, 1285200, 2023, 14, 2023, True, NULL, '', '2023-09-06 08:51:53', '', '2023-09-06 08:51:53', 1285200, 16714800),
('6b1d3058-ea32-47e5-8cb9-f5e752c29869', 'TS00130', 'Razer Naga X', NULL, NULL, NULL, '2bbbd485-6df2-536a-7e32-6a1673ffca7c', 'TCTH', 'Phòng tài chính tổng hợp', 'dd23336c-3624-11ee-a2e3-d45d64601179', 'CMT', 'Chuột máy tính\r\n', '2023-05-22 00:00:00', '2023-02-14 00:00:00', 1800000, 10, 10, 180000, 2023, 10, 2023, True, NULL, '', '2023-09-06 08:51:53', '', '2023-09-06 08:51:53', 180000, 1620000),
('6b7a5fc5-5526-475a-8f2e-b88c7ade16d6', 'TS00379', 'Logitech K122', NULL, NULL, NULL, '59d19422-6657-452e-a7db-e5d54223c257', 'KDTT', 'Phòng kinh doanh và tiếp thị', 'fa18577f-3624-11ee-a2e3-d45d64601179', 'BP', 'Bàn phím', '2023-03-05 00:00:00', '2022-12-25 00:00:00', 320000, 8, 6.67, 21344, 2023, 15, 2023, True, NULL, '', '2023-09-06 08:51:53', '', '2023-09-06 08:51:53', 21344, 298656),
('6ba0dddc-c414-4c72-b78f-8ab1bc9aa950', 'TS00018', 'Điện thoại OnePlus 9', NULL, NULL, NULL, '4577565a-7e3e-493a-74dd-867949feb8b5', 'CSKH', 'Phòng chăm sóc khách hàng', '25c6c36e-1668-7d10-6e09-bf1378b8dc91', 'ĐT', 'Điện thoại', '2023-07-06 00:00:00', '2023-02-17 00:00:00', 11250000, 4, 14.29, 1607625, 2023, 7, 2023, True, NULL, '', '2023-09-06 08:51:53', '', '2023-09-06 08:51:53', 1607625, 9642375),
('6c4c44b8-f842-4111-ab3f-bada73a605b7', 'TS00250', 'GoPro HERO9', NULL, NULL, NULL, '4e272fc4-7875-78d6-7d32-6a1673ffca7c', 'QL', 'Phòng quản lý', '354f1b13-17bf-1b52-87d5-ba100c6f7bce', 'MA', 'Máy ảnh', '2023-03-02 00:00:00', '2022-04-14 00:00:00', 20000000, 9, 11.11, 2222000, 2023, 9, 2023, True, NULL, '', '2023-09-06 08:51:53', '', '2023-09-06 08:51:53', 2222000, 17778000),
('6d41fd5b-318a-44d2-99c6-ceb13365cc4a', 'TS00199', 'Sony A9 II', NULL, NULL, NULL, '142cb08f-7c31-21fa-8e90-67245e8b283e', 'TK', 'Phòng thư ký', '354f1b13-17bf-1b52-87d5-ba100c6f7bce', 'MA', 'Máy ảnh', '2023-03-22 00:00:00', '2022-10-08 00:00:00', 80000000, 10, 7.14, 5712000, 2023, 14, 2023, True, NULL, '', '2023-09-06 08:51:53', '', '2023-09-06 08:51:53', 5712000, 74288000),
('6d7da836-80db-4f65-a998-38494afe15ee', 'TS00246', 'AOC 24" Monitor', NULL, NULL, NULL, '7686595d-16d5-33b3-0080-e8e2a817c80e', 'CNTT', 'Phòng công nghệ thông tin', '3700cc49-55b5-69ea-4929-a2925c0f334d', 'MH', 'Màn hình', '2023-03-21 00:00:00', '2022-07-29 00:00:00', 3000000, 3, 9.09, 272700, 2023, 11, 2023, True, NULL, '', '2023-09-06 08:51:53', '', '2023-09-06 08:51:53', 272700, 2727300),
('6db0e27f-95ed-4fa8-9116-2893962281fa', 'TS00339', 'GoPro HERO10', NULL, NULL, NULL, '142cb08f-7c31-21fa-8e90-67245e8b283e', 'TK', 'Phòng thư ký', '354f1b13-17bf-1b52-87d5-ba100c6f7bce', 'MA', 'Máy ảnh', '2023-05-10 00:00:00', '2023-04-07 00:00:00', 20500000, 2, 6.67, 1367350, 2023, 15, 2023, True, NULL, '', '2023-09-06 08:51:53', '', '2023-09-06 08:51:53', 1367350, 19132650),
('6ddd96cf-6498-44ff-9ff4-8f6299e89bdc', 'TS00335', 'AOC 25" Monitor', NULL, NULL, NULL, '768f8e64-7d10-20c9-967d-e8c757976496', 'KT', 'Phòng kỹ thuật', '3700cc49-55b5-69ea-4929-a2925c0f334d', 'MH', 'Màn hình', '2023-07-26 00:00:00', '2023-03-15 00:00:00', 3100000, 8, 20, 620000, 2023, 5, 2023, True, NULL, '', '2023-09-06 08:51:53', '', '2023-09-06 08:51:53', 620000, 2480000),
('6dee2d1f-e8a0-4e2d-8109-b951ee318c44', 'TS00233', 'Canon ImageCLASS MF236n', NULL, NULL, NULL, '17120d02-6ab5-3e43-18cb-66948daf6128', 'HR', 'Phòng nhân sự', '3e9ce051-3625-11ee-a2e3-d45d64601179', 'MI', 'Máy in', '2023-06-13 00:00:00', '2022-08-25 00:00:00', 5000000, 4, 12.5, 625000, 2023, 8, 2023, True, NULL, '', '2023-09-06 08:51:53', '', '2023-09-06 08:51:53', 625000, 4375000),
('6f0898e3-5a82-4771-9830-152dbf3cd85b', 'TS00172', 'Bose SoundLink Mini', NULL, NULL, NULL, '768f8e64-7d10-20c9-967d-e8c757976496', 'KT', 'Phòng kỹ thuật', '09cfb0c0-3625-11ee-a2e3-d45d64601179', 'TN', 'Tai nghe\r\n', '2022-02-08 00:00:00', '2022-02-06 00:00:00', 4000000, 4, 16.67, 666800, 2023, 6, 2022, True, NULL, '', '2023-09-06 08:51:53', '', '2023-09-06 08:51:53', 1333600, 2666400),
('6f2cfe61-99b4-409a-9dbc-59462796c8c9', 'TS00202', 'iPhone 13', NULL, NULL, NULL, '17120d02-6ab5-3e43-18cb-66948daf6128', 'HR', 'Phòng nhân sự', '25c6c36e-1668-7d10-6e09-bf1378b8dc91', 'ĐT', 'Điện thoại', '2022-05-16 00:00:00', '2022-04-11 00:00:00', 23000000, 6, 14.29, 3286700, 2023, 7, 2022, True, NULL, '', '2023-09-06 08:51:53', '', '2023-09-06 08:51:53', 6573400, 16426600),
('6f791fbc-9d7f-4c7b-8edd-c580a33fb90d', 'TS00397', 'OnePlus 11', NULL, NULL, NULL, '469b3ece-744a-45d5-957d-e8c757976496', 'NC', 'Phòng nghiên cứu', '25c6c36e-1668-7d10-6e09-bf1378b8dc91', 'ĐT', 'Điện thoại', '2023-06-21 00:00:00', '2023-03-13 00:00:00', 22000000, 1, 16.67, 3667400, 2023, 6, 2023, True, NULL, '', '2023-09-06 08:51:53', '', '2023-09-06 08:51:53', 3667400, 18332600),
('70bcf850-b90b-4305-abb0-7eef003bec57', 'TS00114', 'Logitech G Pro Wireless', NULL, NULL, NULL, '768f8e64-7d10-20c9-967d-e8c757976496', 'KT', 'Phòng kỹ thuật', 'dd23336c-3624-11ee-a2e3-d45d64601179', 'CMT', 'Chuột máy tính\r\n', '2023-07-30 00:00:00', '2022-07-16 00:00:00', 1500000, 5, 10, 150000, 2023, 10, 2023, True, NULL, '', '2023-09-06 08:51:53', '', '2023-09-06 08:51:53', 150000, 1350000),
('70d0ac68-bb06-4d13-a4ed-28b8bcc0604c', 'TS00054', 'HP Wired Keyboard', NULL, NULL, NULL, '142cb08f-7c31-21fa-8e90-67245e8b283e', 'TK', 'Phòng thư ký', 'fa18577f-3624-11ee-a2e3-d45d64601179', 'BP', 'Bàn phím', '2023-05-21 00:00:00', '2022-04-25 00:00:00', 300000, 6, 7.69, 23070, 2023, 13, 2023, True, NULL, '', '2023-09-06 08:51:53', '', '2023-09-06 08:51:53', 23070, 276930),
('71dd0381-b81e-42fd-b5f4-d5125d980c13', 'TS00085', 'Dell 27 Monitor', NULL, NULL, NULL, '768f8e64-7d10-20c9-967d-e8c757976496', 'KT', 'Phòng kỹ thuật', '3700cc49-55b5-69ea-4929-a2925c0f334d', 'MH', 'Màn hình', '2023-05-31 00:00:00', '2022-10-01 00:00:00', 3000000, 8, 20, 600000, 2023, 5, 2023, True, NULL, '', '2023-09-06 08:51:53', '', '2023-09-06 08:51:53', 600000, 2400000),
('72457a97-6236-4465-89b0-7b916a33903a', 'TS00263', 'Xerox Phaser 3260', NULL, NULL, NULL, '142cb08f-7c31-21fa-8e90-67245e8b283e', 'TK', 'Phòng thư ký', '3e9ce051-3625-11ee-a2e3-d45d64601179', 'MI', 'Máy in', '2022-08-02 00:00:00', '2022-03-07 00:00:00', 10000000, 8, 10, 1000000, 2023, 10, 2022, True, NULL, '', '2023-09-06 08:51:53', '', '2023-09-06 08:51:53', 2000000, 8000000),
('7252031b-36e8-462c-b969-114a911fffe9', 'TS00254', 'Asus VivoBook', NULL, NULL, NULL, '142cb08f-7c31-21fa-8e90-67245e8b283e', 'TK', 'Phòng thư ký', '148ed882-32b8-218e-9c20-39c2f00615e8', 'MTXT', 'Máy tính xách tay', '2023-07-28 00:00:00', '2023-07-24 00:00:00', 16000000, 6, 7.69, 1230400, 2023, 13, 2023, True, NULL, '', '2023-09-06 08:51:53', '', '2023-09-06 08:51:53', 1230400, 14769600),
('72631a81-e3d5-4365-a957-6886d3fb363b', 'TS00092', 'Sony A7 III', NULL, NULL, NULL, '59d19422-6657-452e-a7db-e5d54223c257', 'KDTT', 'Phòng kinh doanh và tiếp thị', '354f1b13-17bf-1b52-87d5-ba100c6f7bce', 'MA', 'Máy ảnh', '2023-07-22 00:00:00', '2023-06-20 00:00:00', 25000000, 2, 8.33, 2082500, 2023, 12, 2023, True, NULL, '', '2023-09-06 08:51:53', '', '2023-09-06 08:51:53', 2082500, 22917500),
('7326139b-bd6c-4e8f-bfea-3e38fc5d69a9', 'TS00213', 'Logitech K120', NULL, NULL, NULL, '142cb08f-7c31-21fa-8e90-67245e8b283e', 'TK', 'Phòng thư ký', 'fa18577f-3624-11ee-a2e3-d45d64601179', 'BP', 'Bàn phím', '2023-02-26 00:00:00', '2022-01-27 00:00:00', 300000, 8, 10, 30000, 2023, 10, 2023, True, NULL, '', '2023-09-06 08:51:53', '', '2023-09-06 08:51:53', 30000, 270000),
('735e3f96-3aa9-44bf-bab6-ff307367c9fd', 'TS00363', 'Panasonic Lumix S6', NULL, NULL, NULL, '142cb08f-7c31-21fa-8e90-67245e8b283e', 'TK', 'Phòng thư ký', '354f1b13-17bf-1b52-87d5-ba100c6f7bce', 'MA', 'Máy ảnh', '2022-04-03 00:00:00', '2022-03-31 00:00:00', 27500000, 8, 10, 2750000, 2023, 10, 2022, True, NULL, '', '2023-09-06 08:51:53', '', '2023-09-06 08:51:53', 5500000, 22000000),
('73d684f6-0f2e-4dd5-9b48-4995f7b21ddc', 'TS00368', 'iPhone 14 Pro', NULL, NULL, NULL, '4577565a-7e3e-493a-74dd-867949feb8b5', 'CSKH', 'Phòng chăm sóc khách hàng', '25c6c36e-1668-7d10-6e09-bf1378b8dc91', 'ĐT', 'Điện thoại', '2023-07-29 00:00:00', '2023-07-22 00:00:00', 24500000, 4, 14.29, 3501050, 2023, 7, 2023, True, NULL, '', '2023-09-06 08:51:53', '', '2023-09-06 08:51:53', 3501050, 20998950),
('74d44a51-07e0-4014-ac34-42d3d49f9d08', 'TS00056', 'Samsung Galaxy S21', NULL, NULL, NULL, '4e272fc4-7875-78d6-7d32-6a1673ffca7c', 'QL', 'Phòng quản lý', '25c6c36e-1668-7d10-6e09-bf1378b8dc91', 'ĐT', 'Điện thoại', '2023-07-02 00:00:00', '2023-04-16 00:00:00', 18000000, 6, 11.11, 1999800, 2023, 9, 2023, True, NULL, '', '2023-09-06 08:51:53', '', '2023-09-06 08:51:53', 1999800, 16000200),
('75f7bd76-a91a-4c8a-aa82-9970fed12cdb', 'TS00124', 'Dell Alienware', NULL, NULL, NULL, '4577565a-7e3e-493a-74dd-867949feb8b5', 'CSKH', 'Phòng chăm sóc khách hàng', '148ed882-32b8-218e-9c20-39c2f00615e8', 'MTXT', 'Máy tính xách tay', '2023-07-31 00:00:00', '2023-07-09 00:00:00', 35000000, 1, 8.33, 2915500, 2023, 12, 2023, True, NULL, '', '2023-09-06 08:51:53', '', '2023-09-06 08:51:53', 2915500, 32084500),
('764677b9-5417-46d1-9b31-68a52397eef7', 'TS00365', 'ViewSonic 33" Monitor', NULL, NULL, NULL, '7686595d-16d5-33b3-0080-e8e2a817c80e', 'CNTT', 'Phòng công nghệ thông tin', '3700cc49-55b5-69ea-4929-a2925c0f334d', 'MH', 'Màn hình', '2023-07-12 00:00:00', '2022-12-09 00:00:00', 10100000, 1, 10, 1010000, 2023, 10, 2023, True, NULL, '', '2023-09-06 08:51:53', '', '2023-09-06 08:51:53', 1010000, 9090000),
('77539b7f-d750-428d-8e45-ab55f87ff1ff', 'TS00133', 'Asus TUF Gaming Laptop', NULL, NULL, NULL, '17120d02-6ab5-3e43-18cb-66948daf6128', 'HR', 'Phòng nhân sự', '148ed882-32b8-218e-9c20-39c2f00615e8', 'MTXT', 'Máy tính xách tay', '2023-04-16 00:00:00', '2023-04-07 00:00:00', 20000000, 4, 12.5, 2500000, 2023, 8, 2023, True, NULL, '', '2023-09-06 08:51:53', '', '2023-09-06 08:51:53', 2500000, 17500000),
('7778da88-044b-4293-af55-e24518e2a3e9', 'TS00324', 'Logitech MX Master 2', NULL, NULL, NULL, '4577565a-7e3e-493a-74dd-867949feb8b5', 'CSKH', 'Phòng chăm sóc khách hàng', 'dd23336c-3624-11ee-a2e3-d45d64601179', 'CMT', 'Chuột máy tính\r\n', '2023-07-23 00:00:00', '2023-04-02 00:00:00', 2550000, 1, 8.33, 212415, 2023, 12, 2023, True, NULL, '', '2023-09-06 08:51:53', '', '2023-09-06 08:51:53', 212415, 2337585),
('7790af8b-fca3-4e87-8d3c-995f809f14e9', 'TS00190', 'Canon EOS 6D Mark II', NULL, NULL, NULL, '2bbbd485-6df2-536a-7e32-6a1673ffca7c', 'TCTH', 'Phòng tài chính tổng hợp', '354f1b13-17bf-1b52-87d5-ba100c6f7bce', 'MA', 'Máy ảnh', '2023-03-04 00:00:00', '2022-01-24 00:00:00', 35000000, 4, 25, 8750000, 2023, 4, 2023, True, NULL, '', '2023-09-06 08:51:53', '', '2023-09-06 08:51:53', 8750000, 26250000),
('77bc93fe-2743-4d69-8c27-01d07d688520', 'TS00064', 'OnePlus 8 Pro', NULL, NULL, NULL, '768f8e64-7d10-20c9-967d-e8c757976496', 'KT', 'Phòng kỹ thuật', '25c6c36e-1668-7d10-6e09-bf1378b8dc91', 'ĐT', 'Điện thoại', '2023-05-06 00:00:00', '2023-02-07 00:00:00', 16000000, 5, 10, 1600000, 2023, 10, 2023, True, NULL, '', '2023-09-06 08:51:53', '', '2023-09-06 08:51:53', 1600000, 14400000),
('77cd3625-fab2-427e-89bd-fc575146951a', 'TS00131', 'Samsung Galaxy Z Fold 3', NULL, NULL, NULL, '469b3ece-744a-45d5-957d-e8c757976496', 'NC', 'Phòng nghiên cứu', '25c6c36e-1668-7d10-6e09-bf1378b8dc91', 'ĐT', 'Điện thoại', '2023-06-12 00:00:00', '2023-06-11 00:00:00', 50000000, 7, 7.69, 3845000, 2023, 13, 2023, True, NULL, '', '2023-09-06 08:51:53', '', '2023-09-06 08:51:53', 3845000, 46155000),
('78e6eb53-b5e1-43cf-bb93-9379c4dede9e', 'TS00065', 'Razer DeathAdder', NULL, NULL, NULL, '7686595d-16d5-33b3-0080-e8e2a817c80e', 'CNTT', 'Phòng công nghệ thông tin', 'dd23336c-3624-11ee-a2e3-d45d64601179', 'CMT', 'Chuột máy tính\r\n', '2023-04-17 00:00:00', '2023-02-10 00:00:00', 500000, 1, 10, 50000, 2023, 10, 2023, True, NULL, '', '2023-09-06 08:51:53', '', '2023-09-06 08:51:53', 50000, 450000),
('793eb01d-c063-4cf6-8b12-50cad7979962', 'TS00229', 'Corsair Harpoon', NULL, NULL, NULL, '59d19422-6657-452e-a7db-e5d54223c257', 'KDTT', 'Phòng kinh doanh và tiếp thị', 'dd23336c-3624-11ee-a2e3-d45d64601179', 'CMT', 'Chuột máy tính\r\n', '2023-07-13 00:00:00', '2022-10-16 00:00:00', 900000, 8, 6.67, 60030, 2023, 15, 2023, True, NULL, '', '2023-09-06 08:51:53', '', '2023-09-06 08:51:53', 60030, 839970),
('7a028a1c-ec66-43c3-bf90-31c1f40ee3d1', 'TS00326', 'iPhone 12 Pro Max', NULL, NULL, NULL, '768f8e64-7d10-20c9-967d-e8c757976496', 'KT', 'Phòng kỹ thuật', '25c6c36e-1668-7d10-6e09-bf1378b8dc91', 'ĐT', 'Điện thoại', '2022-11-29 00:00:00', '2022-01-09 00:00:00', 20500000, 8, 6.67, 1367350, 2023, 15, 2022, True, NULL, '', '2023-09-06 08:51:53', '', '2023-09-06 08:51:53', 2734700, 17765300),
('7a29c3f5-ee5c-43ab-9ebf-5b97dd02f0dd', 'TS00012', 'Máy bàn Acer Aspire', NULL, NULL, NULL, '11452b0c-768e-5ff7-0d63-eeb1d8ed8cef', 'HCKT', 'Phòng hành chính kế toán', '1b691e79-236d-5b5a-9d20-39c2f00615e8', 'MB', 'Máy bàn', '2022-07-30 00:00:00', '2022-07-26 00:00:00', 13500000, 2, 25, 3375000, 2023, 4, 2022, True, NULL, '', '2023-09-06 08:51:53', '', '2023-09-06 08:51:53', 6750000, 6750000),
('7a4f683d-1c60-46e6-8696-b628add680dd', 'TS00077', 'Apple iPhone 13', NULL, NULL, NULL, '469b3ece-744a-45d5-957d-e8c757976496', 'NC', 'Phòng nghiên cứu', '25c6c36e-1668-7d10-6e09-bf1378b8dc91', 'ĐT', 'Điện thoại', '2023-05-03 00:00:00', '2022-11-28 00:00:00', 20000000, 2, 16.67, 3334000, 2023, 6, 2023, True, NULL, '', '2023-09-06 08:51:53', '', '2023-09-06 08:51:53', 3334000, 16666000),
('7af91f85-7693-4aab-8d84-042a3a306482', 'TS00343', 'Asus VivoBook 2', NULL, NULL, NULL, '469b3ece-744a-45d5-957d-e8c757976496', 'NC', 'Phòng nghiên cứu', '148ed882-32b8-218e-9c20-39c2f00615e8', 'MTXT', 'Máy tính xách tay', '2023-07-12 00:00:00', '2023-04-23 00:00:00', 16500000, 9, 7.69, 1268850, 2023, 13, 2023, True, NULL, '', '2023-09-06 08:51:53', '', '2023-09-06 08:51:53', 1268850, 15231150),
('7bac0198-a234-4bfb-bf1e-683de125d13a', 'TS00069', 'Toshiba Satellite Pro', NULL, NULL, NULL, '7686595d-16d5-33b3-0080-e8e2a817c80e', 'CNTT', 'Phòng công nghệ thông tin', '148ed882-32b8-218e-9c20-39c2f00615e8', 'MTXT', 'Máy tính xách tay', '2023-03-06 00:00:00', '2023-01-01 00:00:00', 8000000, 4, 8.33, 666400, 2023, 12, 2023, True, NULL, '', '2023-09-06 08:51:53', '', '2023-09-06 08:51:53', 666400, 7333600),
('7e130357-95a6-4467-b1de-c53d74feefbb', 'TS00221', 'Epson EcoTank L3150', NULL, NULL, NULL, '2bbbd485-6df2-536a-7e32-6a1673ffca7c', 'TCTH', 'Phòng tài chính tổng hợp', '3e9ce051-3625-11ee-a2e3-d45d64601179', 'MI', 'Máy in', '2022-10-12 00:00:00', '2022-09-16 00:00:00', 3000000, 9, 10, 300000, 2023, 10, 2022, True, NULL, '', '2023-09-06 08:51:53', '', '2023-09-06 08:51:53', 600000, 2400000),
('7e1f473c-5b2a-4d4a-9ea1-b1f5c67d0bc8', 'TS00380', 'Sony WH-1000XM6', NULL, NULL, NULL, '2bbbd485-6df2-536a-7e32-6a1673ffca7c', 'TCTH', 'Phòng tài chính tổng hợp', '09cfb0c0-3625-11ee-a2e3-d45d64601179', 'TN', 'Tai nghe\r\n', '2023-07-22 00:00:00', '2023-01-06 00:00:00', 3600000, 10, 10, 360000, 2023, 10, 2023, True, NULL, '', '2023-09-06 08:51:53', '', '2023-09-06 08:51:53', 360000, 3240000),
('7ed59f96-8ca4-45cc-ab5f-e73e545b4014', 'TS00083', 'Acer Aspire 5', NULL, NULL, NULL, '17120d02-6ab5-3e43-18cb-66948daf6128', 'HR', 'Phòng nhân sự', '148ed882-32b8-218e-9c20-39c2f00615e8', 'MTXT', 'Máy tính xách tay', '2023-06-07 00:00:00', '2023-02-05 00:00:00', 10000000, 4, 12.5, 1250000, 2023, 8, 2023, True, NULL, '', '2023-09-06 08:51:53', '', '2023-09-06 08:51:53', 1250000, 8750000),
('7fd757ad-f4b5-4b95-a109-8a93aaba79fc', 'TS00152', 'Logitech G502', NULL, NULL, NULL, '17120d02-6ab5-3e43-18cb-66948daf6128', 'HR', 'Phòng nhân sự', 'dd23336c-3624-11ee-a2e3-d45d64601179', 'CMT', 'Chuột máy tính\r\n', '2023-06-04 00:00:00', '2023-03-16 00:00:00', 1200000, 6, 14.29, 171480, 2023, 7, 2023, True, NULL, '', '2023-09-06 08:51:53', '', '2023-09-06 08:51:53', 171480, 1028520),
('800c100f-c866-470c-891c-f5592785891b', 'TS00067', 'Sony A7 III', NULL, NULL, NULL, '2bbbd485-6df2-536a-7e32-6a1673ffca7c', 'TCTH', 'Phòng tài chính tổng hợp', '354f1b13-17bf-1b52-87d5-ba100c6f7bce', 'MA', 'Máy ảnh', '2023-06-02 00:00:00', '2022-06-27 00:00:00', 25000000, 8, 11.11, 2777500, 2023, 9, 2023, True, NULL, '', '2023-09-06 08:51:53', '', '2023-09-06 08:51:53', 2777500, 22222500),
('80ab83c6-cd00-4333-a855-48110c88998b', 'TS00306', 'Microsoft Sculpt 2', NULL, NULL, NULL, '4e272fc4-7875-78d6-7d32-6a1673ffca7c', 'QL', 'Phòng quản lý', 'dd23336c-3624-11ee-a2e3-d45d64601179', 'CMT', 'Chuột máy tính\r\n', '2022-12-30 00:00:00', '2022-02-21 00:00:00', 810000, 6, 11.11, 89991, 2023, 9, 2022, True, NULL, '', '2023-09-06 08:51:53', '', '2023-09-06 08:51:53', 179982, 630018),
('80e93ba2-e792-4b77-870f-a469bcda6f94', 'TS00338', 'Xiaomi Mi 12', NULL, NULL, NULL, '469b3ece-744a-45d5-957d-e8c757976496', 'NC', 'Phòng nghiên cứu', '25c6c36e-1668-7d10-6e09-bf1378b8dc91', 'ĐT', 'Điện thoại', '2022-04-25 00:00:00', '2022-04-24 00:00:00', 17500000, 1, 8.33, 1457750, 2023, 12, 2022, True, NULL, '', '2023-09-06 08:51:53', '', '2023-09-06 08:51:53', 2915500, 14584500),
('8107c461-ff2c-4ac1-a1ad-c14156672f55', 'TS00153', 'Microsoft Surface Pro', NULL, NULL, NULL, '768f8e64-7d10-20c9-967d-e8c757976496', 'KT', 'Phòng kỹ thuật', '148ed882-32b8-218e-9c20-39c2f00615e8', 'MTXT', 'Máy tính xách tay', '2022-09-15 00:00:00', '2022-09-02 00:00:00', 20000000, 4, 16.67, 3334000, 2023, 6, 2022, True, NULL, '', '2023-09-06 08:51:53', '', '2023-09-06 08:51:53', 6668000, 13332000),
('81c1f7a0-3cc9-4ffc-9cfd-1cade3928107', 'TS00392', 'Sony Alpha a7 V', NULL, NULL, NULL, '59d19422-6657-452e-a7db-e5d54223c257', 'KDTT', 'Phòng kinh doanh và tiếp thị', '354f1b13-17bf-1b52-87d5-ba100c6f7bce', 'MA', 'Máy ảnh', '2023-05-30 00:00:00', '2022-07-05 00:00:00', 31000000, 2, 8.33, 2582300, 2023, 12, 2023, True, NULL, '', '2023-09-06 08:51:53', '', '2023-09-06 08:51:53', 2582300, 28417700),
('82bbbbfe-ccca-4b30-ab05-a805bb669e8f', 'TS00167', 'OnePlus 9', NULL, NULL, NULL, '2bbbd485-6df2-536a-7e32-6a1673ffca7c', 'TCTH', 'Phòng tài chính tổng hợp', '25c6c36e-1668-7d10-6e09-bf1378b8dc91', 'ĐT', 'Điện thoại', '2023-02-12 00:00:00', '2023-01-22 00:00:00', 14000000, 8, 11.11, 1555400, 2023, 9, 2023, True, NULL, '', '2023-09-06 08:51:53', '', '2023-09-06 08:51:53', 1555400, 12444600),
('83728437-e8ec-4212-8d84-5c49ab7da761', 'TS00163', 'HP EliteDisplay E243', NULL, NULL, NULL, '142cb08f-7c31-21fa-8e90-67245e8b283e', 'TK', 'Phòng thư ký', '3700cc49-55b5-69ea-4929-a2925c0f334d', 'MH', 'Màn hình', '2023-06-24 00:00:00', '2022-02-25 00:00:00', 3500000, 8, 10, 350000, 2023, 10, 2023, True, NULL, '', '2023-09-06 08:51:53', '', '2023-09-06 08:51:53', 350000, 3150000),
('841b3945-5221-43d7-bece-64f622daf42a', 'TS00206', 'Samsung 24" Monitor', NULL, NULL, NULL, '4e272fc4-7875-78d6-7d32-6a1673ffca7c', 'QL', 'Phòng quản lý', '3700cc49-55b5-69ea-4929-a2925c0f334d', 'MH', 'Màn hình', '2023-06-26 00:00:00', '2022-10-18 00:00:00', 4000000, 6, 11.11, 444400, 2023, 9, 2023, True, NULL, '', '2023-09-06 08:51:53', '', '2023-09-06 08:51:53', 444400, 3555600),
('84717f79-c1ac-4e63-a0e7-a7d552a6000c', 'TS00317', 'BenQ 29" Monitor', NULL, NULL, NULL, '2bbbd485-6df2-536a-7e32-6a1673ffca7c', 'TCTH', 'Phòng tài chính tổng hợp', '3700cc49-55b5-69ea-4929-a2925c0f334d', 'MH', 'Màn hình', '2022-08-08 00:00:00', '2022-07-21 00:00:00', 5600000, 8, 11.11, 622160, 2023, 9, 2022, True, NULL, '', '2023-09-06 08:51:53', '', '2023-09-06 08:51:53', 1244320, 4355680),
('848e5b88-a431-46ea-8697-f8f4957018ce', 'TS00345', 'Leica Q3', NULL, NULL, NULL, '4e272fc4-7875-78d6-7d32-6a1673ffca7c', 'QL', 'Phòng quản lý', '354f1b13-17bf-1b52-87d5-ba100c6f7bce', 'MA', 'Máy ảnh', '2023-05-29 00:00:00', '2022-08-15 00:00:00', 50500000, 3, 8.33, 4206650, 2023, 12, 2023, True, NULL, '', '2023-09-06 08:51:53', '', '2023-09-06 08:51:53', 4206650, 46293350),
('84cec820-2713-4083-a7aa-14477f96a427', 'TS00375', 'Nikon D3700', NULL, NULL, NULL, '7686595d-16d5-33b3-0080-e8e2a817c80e', 'CNTT', 'Phòng công nghệ thông tin', '354f1b13-17bf-1b52-87d5-ba100c6f7bce', 'MA', 'Máy ảnh', '2023-05-30 00:00:00', '2023-02-20 00:00:00', 15000000, 6, 9.09, 1363500, 2023, 11, 2023, True, NULL, '', '2023-09-06 08:51:53', '', '2023-09-06 08:51:53', 1363500, 13636500),
('850de53f-4ec8-45b7-8b73-786df8595b0c', 'TS00266', 'Lenovo Yoga', NULL, NULL, NULL, '768f8e64-7d10-20c9-967d-e8c757976496', 'KT', 'Phòng kỹ thuật', '148ed882-32b8-218e-9c20-39c2f00615e8', 'MTXT', 'Máy tính xách tay', '2022-07-06 00:00:00', '2022-05-28 00:00:00', 22000000, 3, 9.09, 1999800, 2023, 11, 2022, True, NULL, '', '2023-09-06 08:51:53', '', '2023-09-06 08:51:53', 3999600, 18000400),
('85c125df-c783-4b19-8d71-ed308f27c1a1', 'TS00243', 'Huawei P40', NULL, NULL, NULL, '469b3ece-744a-45d5-957d-e8c757976496', 'NC', 'Phòng nghiên cứu', '25c6c36e-1668-7d10-6e09-bf1378b8dc91', 'ĐT', 'Điện thoại', '2022-11-13 00:00:00', '2022-01-16 00:00:00', 18000000, 9, 7.69, 1384200, 2023, 13, 2022, True, NULL, '', '2023-09-06 08:51:53', '', '2023-09-06 08:51:53', 2768400, 15231600),
('85d7bf0a-4c9b-4a2b-9df8-d1c723b6da96', 'TS00052', 'Apple iPhone 13', NULL, NULL, NULL, '17120d02-6ab5-3e43-18cb-66948daf6128', 'HR', 'Phòng nhân sự', '25c6c36e-1668-7d10-6e09-bf1378b8dc91', 'ĐT', 'Điện thoại', '2023-03-29 00:00:00', '2022-09-29 00:00:00', 20000000, 6, 14.29, 2858000, 2023, 7, 2023, True, NULL, '', '2023-09-06 08:51:53', '', '2023-09-06 08:51:53', 2858000, 17142000),
('86b1b91e-4e28-4060-8720-bb95acf3b6cd', 'TS00336', 'SteelSeries Rival 4', NULL, NULL, NULL, '7686595d-16d5-33b3-0080-e8e2a817c80e', 'CNTT', 'Phòng công nghệ thông tin', 'dd23336c-3624-11ee-a2e3-d45d64601179', 'CMT', 'Chuột máy tính\r\n', '2022-09-03 00:00:00', '2022-06-03 00:00:00', 1350000, 10, 20, 270000, 2023, 5, 2022, True, NULL, '', '2023-09-06 08:51:53', '', '2023-09-06 08:51:53', 540000, 810000),
('87641c32-35c2-46f6-80b0-fd12614c3c71', 'TS00093', 'SteelSeries Arctis 7', NULL, NULL, NULL, '469b3ece-744a-45d5-957d-e8c757976496', 'NC', 'Phòng nghiên cứu', '09cfb0c0-3625-11ee-a2e3-d45d64601179', 'TN', 'Tai nghe\r\n', '2023-05-15 00:00:00', '2023-05-07 00:00:00', 2000000, 9, 7.69, 153800, 2023, 13, 2023, True, NULL, '', '2023-09-06 08:51:53', '', '2023-09-06 08:51:53', 153800, 1846200),
('89c5b198-3624-47f0-add1-6ff70971a76b', 'TS00301', 'Razer DeathAdder Elite', NULL, NULL, NULL, '11452b0c-768e-5ff7-0d63-eeb1d8ed8cef', 'HCKT', 'Phòng hành chính kế toán', 'dd23336c-3624-11ee-a2e3-d45d64601179', 'CMT', 'Chuột máy tính\r\n', '2022-08-09 00:00:00', '2022-04-01 00:00:00', 1250000, 10, 9.09, 113625, 2023, 11, 2022, True, NULL, '', '2023-09-06 08:51:53', '', '2023-09-06 08:51:53', 227250, 1022750),
('8b2af226-4c27-4deb-afe3-056f165c5fe6', 'TS00394', 'BenQ 30" Monitor', NULL, NULL, NULL, '768f8e64-7d10-20c9-967d-e8c757976496', 'KT', 'Phòng kỹ thuật', '3700cc49-55b5-69ea-4929-a2925c0f334d', 'MH', 'Màn hình', '2023-01-16 00:00:00', '2022-11-26 00:00:00', 5700000, 10, 6.67, 380190, 2023, 15, 2023, True, NULL, '', '2023-09-06 08:51:53', '', '2023-09-06 08:51:53', 380190, 5319810),
('8b3d1a0a-2811-45d0-abe5-2f88e12b19d6', 'TS00193', 'Logitech G502 Hero', NULL, NULL, NULL, '469b3ece-744a-45d5-957d-e8c757976496', 'NC', 'Phòng nghiên cứu', 'dd23336c-3624-11ee-a2e3-d45d64601179', 'CMT', 'Chuột máy tính\r\n', '2022-07-24 00:00:00', '2022-01-10 00:00:00', 1200000, 9, 7.69, 92280, 2023, 13, 2022, True, NULL, '', '2023-09-06 08:51:53', '', '2023-09-06 08:51:53', 184560, 1015440),
('8b9f209a-e45c-445b-8f6b-d741e0f756aa', 'TS00141', 'OnePlus Nord 2', NULL, NULL, NULL, '59d19422-6657-452e-a7db-e5d54223c257', 'KDTT', 'Phòng kinh doanh và tiếp thị', '25c6c36e-1668-7d10-6e09-bf1378b8dc91', 'ĐT', 'Điện thoại', '2023-07-20 00:00:00', '2023-02-18 00:00:00', 10000000, 1, 7.69, 769000, 2023, 13, 2023, True, NULL, '', '2023-09-06 08:51:53', '', '2023-09-06 08:51:53', 769000, 9231000),
('8cd9f75e-440d-44ab-a910-6cffe8b89395', 'TS00235', 'Logitech MX Master', NULL, NULL, NULL, '768f8e64-7d10-20c9-967d-e8c757976496', 'KT', 'Phòng kỹ thuật', 'dd23336c-3624-11ee-a2e3-d45d64601179', 'CMT', 'Chuột máy tính\r\n', '2022-12-31 00:00:00', '2022-08-24 00:00:00', 2500000, 8, 20, 500000, 2023, 5, 2022, True, NULL, '', '2023-09-06 08:51:53', '', '2023-09-06 08:51:53', 1000000, 1500000),
('8ce16a9a-fb1a-4303-a049-1c18c3c804af', 'TS00247', 'SteelSeries Rival 3', NULL, NULL, NULL, '469b3ece-744a-45d5-957d-e8c757976496', 'NC', 'Phòng nghiên cứu', 'dd23336c-3624-11ee-a2e3-d45d64601179', 'CMT', 'Chuột máy tính\r\n', '2023-03-30 00:00:00', '2023-01-17 00:00:00', 1300000, 1, 16.67, 216710, 2023, 6, 2023, True, NULL, '', '2023-09-06 08:51:53', '', '2023-09-06 08:51:53', 216710, 1083290),
('8d0a131f-a196-4269-8cef-8e2beb437d3d', 'TS00396', 'Lenovo ThinkPad X1', NULL, NULL, NULL, '7686595d-16d5-33b3-0080-e8e2a817c80e', 'CNTT', 'Phòng công nghệ thông tin', '148ed882-32b8-218e-9c20-39c2f00615e8', 'MTXT', 'Máy tính xách tay', '2023-03-10 00:00:00', '2022-04-03 00:00:00', 21000000, 3, 9.09, 1908900, 2023, 11, 2023, True, NULL, '', '2023-09-06 08:51:53', '', '2023-09-06 08:51:53', 1908900, 19091100),
('8d98f805-39ab-406a-89d0-c846e8274233', 'TS00045', 'Màn hình Philips 24"', NULL, NULL, NULL, '4e272fc4-7875-78d6-7d32-6a1673ffca7c', 'QL', 'Phòng quản lý', '3700cc49-55b5-69ea-4929-a2925c0f334d', 'MH', 'Màn hình', '2022-11-27 00:00:00', '2022-06-16 00:00:00', 4500000, 3, 8.33, 374850, 2023, 12, 2022, True, NULL, '', '2023-09-06 08:51:53', '', '2023-09-06 08:51:53', 749700, 3750300),
('8dfe108a-3750-4fd8-8fb4-f72e60a24985', 'TS00323', 'Asus 35" Monitor', NULL, NULL, NULL, '59d19422-6657-452e-a7db-e5d54223c257', 'KDTT', 'Phòng kinh doanh và tiếp thị', '3700cc49-55b5-69ea-4929-a2925c0f334d', 'MH', 'Màn hình', '2023-02-04 00:00:00', '2022-07-17 00:00:00', 7100000, 10, 9.09, 645390, 2023, 11, 2023, True, NULL, '', '2023-09-06 08:51:53', '', '2023-09-06 08:51:53', 645390, 6454610),
('8ea7128c-dc3a-42e1-a4a5-770da0a85f96', 'TS00057', 'Sony WH-1000XM4', NULL, NULL, NULL, '142cb08f-7c31-21fa-8e90-67245e8b283e', 'TK', 'Phòng thư ký', '09cfb0c0-3625-11ee-a2e3-d45d64601179', 'TN', 'Tai nghe\r\n', '2022-12-27 00:00:00', '2022-07-01 00:00:00', 4000000, 3, 7.14, 285600, 2023, 14, 2022, True, NULL, '', '2023-09-06 08:51:53', '', '2023-09-06 08:51:53', 571200, 3428800),
('8ffa1298-47e4-40ca-a14c-7061832c89f8', 'TS00284', 'HP Spectre x360', NULL, NULL, NULL, '17120d02-6ab5-3e43-18cb-66948daf6128', 'HR', 'Phòng nhân sự', '148ed882-32b8-218e-9c20-39c2f00615e8', 'MTXT', 'Máy tính xách tay', '2023-07-20 00:00:00', '2022-10-13 00:00:00', 26000000, 2, 11.11, 2888600, 2023, 9, 2023, True, NULL, '', '2023-09-06 08:51:53', '', '2023-09-06 08:51:53', 2888600, 23111400),
('90095f29-8172-425f-9864-32121125f5fc', 'TS00030', 'Màn hình BenQ 24"', NULL, NULL, NULL, '2bbbd485-6df2-536a-7e32-6a1673ffca7c', 'TCTH', 'Phòng tài chính tổng hợp', '3700cc49-55b5-69ea-4929-a2925c0f334d', 'MH', 'Màn hình', '2023-07-18 00:00:00', '2023-06-30 00:00:00', 4500000, 10, 10, 450000, 2023, 10, 2023, True, NULL, '', '2023-09-06 08:51:53', '', '2023-09-06 08:51:53', 450000, 4050000),
('91262ce4-c0f6-4d48-9880-9343e3fb2e7c', 'TS00288', 'ViewSonic 32" Monitor', NULL, NULL, NULL, '469b3ece-744a-45d5-957d-e8c757976496', 'NC', 'Phòng nghiên cứu', '3700cc49-55b5-69ea-4929-a2925c0f334d', 'MH', 'Màn hình', '2023-05-05 00:00:00', '2022-01-18 00:00:00', 10000000, 1, 8.33, 833000, 2023, 12, 2023, True, NULL, '', '2023-09-06 08:51:53', '', '2023-09-06 08:51:53', 833000, 9167000),
('92d67995-057d-4daa-bfe2-f0b8709b1383', 'TS00304', 'Canon PIXMA MG2525', NULL, NULL, NULL, '142cb08f-7c31-21fa-8e90-67245e8b283e', 'TK', 'Phòng thư ký', '3e9ce051-3625-11ee-a2e3-d45d64601179', 'MI', 'Máy in', '2022-12-09 00:00:00', '2022-10-26 00:00:00', 1050000, 6, 7.69, 80745, 2023, 13, 2022, True, NULL, '', '2023-09-06 08:51:53', '', '2023-09-06 08:51:53', 161490, 888510),
('939449be-c9c5-4703-811d-15e688dd0094', 'TS00277', 'SteelSeries Sensei Ten', NULL, NULL, NULL, '469b3ece-744a-45d5-957d-e8c757976496', 'NC', 'Phòng nghiên cứu', 'dd23336c-3624-11ee-a2e3-d45d64601179', 'CMT', 'Chuột máy tính\r\n', '2023-01-17 00:00:00', '2022-07-20 00:00:00', 1500000, 2, 16.67, 250050, 2023, 6, 2023, True, NULL, '', '2023-09-06 08:51:53', '', '2023-09-06 08:51:53', 250050, 1249950),
('93ae1429-bee5-4939-9d40-b536a0f07ff3', 'TS00135', 'Canon EOS RP', NULL, NULL, NULL, '768f8e64-7d10-20c9-967d-e8c757976496', 'KT', 'Phòng kỹ thuật', '354f1b13-17bf-1b52-87d5-ba100c6f7bce', 'MA', 'Máy ảnh', '2023-03-05 00:00:00', '2022-08-27 00:00:00', 30000000, 8, 20, 6000000, 2023, 5, 2023, True, NULL, '', '2023-09-06 08:51:53', '', '2023-09-06 08:51:53', 6000000, 24000000),
('961b76de-1047-42e3-a93e-4a276643b966', 'TS00003', 'Điện thoại iPhone 13', NULL, NULL, NULL, '768f8e64-7d10-20c9-967d-e8c757976496', 'KT', 'Phòng kỹ thuật', '25c6c36e-1668-7d10-6e09-bf1378b8dc91', 'ĐT', 'Điện thoại', '2023-06-05 00:00:00', '2022-05-17 00:00:00', 15750000, 4, 16.67, 2625525, 2023, 6, 2023, True, NULL, '', '2023-09-06 08:51:53', '', '2023-09-06 08:51:53', 2625525, 13124475),
('96e11f74-8abd-4a4f-82ad-8c4510838224', 'TS00197', 'Razer Thresher Ultimate', NULL, NULL, NULL, '469b3ece-744a-45d5-957d-e8c757976496', 'NC', 'Phòng nghiên cứu', '09cfb0c0-3625-11ee-a2e3-d45d64601179', 'TN', 'Tai nghe\r\n', '2022-12-21 00:00:00', '2022-01-18 00:00:00', 2500000, 1, 16.67, 416750, 2023, 6, 2022, True, NULL, '', '2023-09-06 08:51:53', '', '2023-09-06 08:51:53', 833500, 1666500),
('973977c9-9a43-4bcb-9c81-8162e4169d5c', 'TS00236', 'Dell XPS 13', NULL, NULL, NULL, '7686595d-16d5-33b3-0080-e8e2a817c80e', 'CNTT', 'Phòng công nghệ thông tin', '148ed882-32b8-218e-9c20-39c2f00615e8', 'MTXT', 'Máy tính xách tay', '2022-09-12 00:00:00', '2022-01-05 00:00:00', 27000000, 10, 20, 5400000, 2023, 5, 2022, True, NULL, '', '2023-09-06 08:51:53', '', '2023-09-06 08:51:53', 10800000, 16200000),
('9752c9ee-b9fb-47ed-b5a1-b8dd93b81dbb', 'TS00020', 'Màn hình HP 22"', NULL, NULL, NULL, '142cb08f-7c31-21fa-8e90-67245e8b283e', 'TK', 'Phòng thư ký', '3700cc49-55b5-69ea-4929-a2925c0f334d', 'MH', 'Màn hình', '2022-04-05 00:00:00', '2022-04-02 00:00:00', 4500000, 4, 16.67, 750150, 2023, 6, 2022, True, NULL, '', '2023-09-06 08:51:53', '', '2023-09-06 08:51:53', 1500300, 2999700),
('97a2ed02-0c70-4cab-b690-b78907edddad', 'TS00290', 'Dell Inspiron 17', NULL, NULL, NULL, '2bbbd485-6df2-536a-7e32-6a1673ffca7c', 'TCTH', 'Phòng tài chính tổng hợp', '148ed882-32b8-218e-9c20-39c2f00615e8', 'MTXT', 'Máy tính xách tay', '2022-11-10 00:00:00', '2022-05-11 00:00:00', 17000000, 4, 25, 4250000, 2023, 4, 2022, True, NULL, '', '2023-09-06 08:51:53', '', '2023-09-06 08:51:53', 8500000, 8500000),
('98252ac3-37bf-43f4-813b-e66114a2ea8e', 'TS00297', 'Samsung Galaxy S22', NULL, NULL, NULL, '469b3ece-744a-45d5-957d-e8c757976496', 'NC', 'Phòng nghiên cứu', '25c6c36e-1668-7d10-6e09-bf1378b8dc91', 'ĐT', 'Điện thoại', '2023-07-21 00:00:00', '2023-03-20 00:00:00', 22500000, 1, 16.67, 3750750, 2023, 6, 2023, True, NULL, '', '2023-09-06 08:51:53', '', '2023-09-06 08:51:53', 3750750, 18749250),
('9912d5c6-9a49-4115-a479-462d151644fe', 'TS00137', 'HP Spectre x360', NULL, NULL, NULL, '17120d02-6ab5-3e43-18cb-66948daf6128', 'HR', 'Phòng nhân sự', '148ed882-32b8-218e-9c20-39c2f00615e8', 'MTXT', 'Máy tính xách tay', '2022-10-14 00:00:00', '2022-08-28 00:00:00', 40000000, 7, 7.14, 2856000, 2023, 14, 2022, True, NULL, '', '2023-09-06 08:51:53', '', '2023-09-06 08:51:53', 5712000, 34288000),
('9949abde-8f52-42fa-8868-ea3b2736944f', 'TS00028', 'Điện thoại Huawei P40', NULL, NULL, NULL, '11452b0c-768e-5ff7-0d63-eeb1d8ed8cef', 'HCKT', 'Phòng hành chính kế toán', '25c6c36e-1668-7d10-6e09-bf1378b8dc91', 'ĐT', 'Điện thoại', '2023-07-03 00:00:00', '2022-08-24 00:00:00', 13500000, 7, 10, 1350000, 2023, 10, 2023, True, NULL, '', '2023-09-06 08:51:53', '', '2023-09-06 08:51:53', 1350000, 12150000),
('9b6836de-cf8e-4e4e-91f6-7bc1bef683df', 'TS00300', 'Acer 28" Monitor', NULL, NULL, NULL, '4e272fc4-7875-78d6-7d32-6a1673ffca7c', 'QL', 'Phòng quản lý', '3700cc49-55b5-69ea-4929-a2925c0f334d', 'MH', 'Màn hình', '2022-09-23 00:00:00', '2022-09-03 00:00:00', 5100000, 9, 11.11, 566610, 2023, 9, 2022, True, NULL, '', '2023-09-06 08:51:53', '', '2023-09-06 08:51:53', 1133220, 3966780),
('9ba8bc86-2668-4af4-aab1-b81369ddc287', 'TS00319', 'Lenovo ThinkPad 2', NULL, NULL, NULL, '7686595d-16d5-33b3-0080-e8e2a817c80e', 'CNTT', 'Phòng công nghệ thông tin', '148ed882-32b8-218e-9c20-39c2f00615e8', 'MTXT', 'Máy tính xách tay', '2023-06-16 00:00:00', '2022-07-25 00:00:00', 20500000, 4, 8.33, 1707650, 2023, 12, 2023, True, NULL, '', '2023-09-06 08:51:53', '', '2023-09-06 08:51:53', 1707650, 18792350),
('9bb437fb-321f-4b66-a5ea-2b6dc3b48b7a', 'TS00210', 'HP DeskJet 2720', NULL, NULL, NULL, '17120d02-6ab5-3e43-18cb-66948daf6128', 'HR', 'Phòng nhân sự', '3e9ce051-3625-11ee-a2e3-d45d64601179', 'MI', 'Máy in', '2022-12-26 00:00:00', '2022-09-07 00:00:00', 2000000, 4, 12.5, 250000, 2023, 8, 2022, True, NULL, '', '2023-09-06 08:51:53', '', '2023-09-06 08:51:53', 500000, 1500000),
('9bd326e3-ecf2-4cc0-beed-ca0f7d98703f', 'TS00348', 'Corsair Dark Core RGB Pro', NULL, NULL, NULL, '7686595d-16d5-33b3-0080-e8e2a817c80e', 'CNTT', 'Phòng công nghệ thông tin', 'dd23336c-3624-11ee-a2e3-d45d64601179', 'CMT', 'Chuột máy tính\r\n', '2023-05-05 00:00:00', '2023-03-26 00:00:00', 1850000, 8, 7.14, 132090, 2023, 14, 2023, True, NULL, '', '2023-09-06 08:51:53', '', '2023-09-06 08:51:53', 132090, 1717910),
('9bdab6ac-472a-4442-b21d-a7deb153775f', 'TS00316', 'Brother HL-L2385DW', NULL, NULL, NULL, '768f8e64-7d10-20c9-967d-e8c757976496', 'KT', 'Phòng kỹ thuật', '3e9ce051-3625-11ee-a2e3-d45d64601179', 'MI', 'Máy in', '2023-07-08 00:00:00', '2022-10-24 00:00:00', 4050000, 3, 9.09, 368145, 2023, 11, 2023, True, NULL, '', '2023-09-06 08:51:53', '', '2023-09-06 08:51:53', 368145, 3681855),
('9e3a874d-1bda-4d68-9f34-85691f6a4403', 'TS00312', 'Apple Magic Mouse 2', NULL, NULL, NULL, '11452b0c-768e-5ff7-0d63-eeb1d8ed8cef', 'HCKT', 'Phòng hành chính kế toán', 'dd23336c-3624-11ee-a2e3-d45d64601179', 'CMT', 'Chuột máy tính\r\n', '2023-07-09 00:00:00', '2023-05-23 00:00:00', 2050000, 2, 25, 512500, 2023, 4, 2023, True, NULL, '', '2023-09-06 08:51:53', '', '2023-09-06 08:51:53', 512500, 1537500),
('9e977565-d2e3-483d-8e8a-de433e26af4c', 'TS00268', 'Canon EOS R6', NULL, NULL, NULL, '4577565a-7e3e-493a-74dd-867949feb8b5', 'CSKH', 'Phòng chăm sóc khách hàng', '354f1b13-17bf-1b52-87d5-ba100c6f7bce', 'MA', 'Máy ảnh', '2023-05-25 00:00:00', '2022-12-22 00:00:00', 35000000, 4, 14.29, 5001500, 2023, 7, 2023, True, NULL, '', '2023-09-06 08:51:53', '', '2023-09-06 08:51:53', 5001500, 29998500),
('9fe677e7-a9a7-438a-a984-3d4ff8479d3b', 'TS00219', 'Google Pixel 6', NULL, NULL, NULL, '7686595d-16d5-33b3-0080-e8e2a817c80e', 'CNTT', 'Phòng công nghệ thông tin', '25c6c36e-1668-7d10-6e09-bf1378b8dc91', 'ĐT', 'Điện thoại', '2023-01-22 00:00:00', '2022-08-07 00:00:00', 19000000, 4, 8.33, 1582700, 2023, 12, 2023, True, NULL, '', '2023-09-06 08:51:53', '', '2023-09-06 08:51:53', 1582700, 17417300),
('9ffc6bd9-4f68-4a65-b843-305e2c010788', 'TS00198', 'Samsung Galaxy A72', NULL, NULL, NULL, '7686595d-16d5-33b3-0080-e8e2a817c80e', 'CNTT', 'Phòng công nghệ thông tin', '25c6c36e-1668-7d10-6e09-bf1378b8dc91', 'ĐT', 'Điện thoại', '2023-02-09 00:00:00', '2022-04-12 00:00:00', 10000000, 8, 7.14, 714000, 2023, 14, 2023, True, NULL, '', '2023-09-06 08:51:53', '', '2023-09-06 08:51:53', 714000, 9286000),
('a09f95ce-5e46-4336-aa1b-05662d5b9544', 'TS00088', 'Nikon D3500', NULL, NULL, NULL, '469b3ece-744a-45d5-957d-e8c757976496', 'NC', 'Phòng nghiên cứu', '354f1b13-17bf-1b52-87d5-ba100c6f7bce', 'MA', 'Máy ảnh', '2023-01-02 00:00:00', '2022-01-12 00:00:00', 14000000, 1, 8.33, 1166200, 2023, 12, 2023, True, NULL, '', '2023-09-06 08:51:53', '', '2023-09-06 08:51:53', 1166200, 12833800),
('a10f96b9-3f69-45bd-a304-0f0a4b6ec079', 'TS00245', 'Lexmark B2236dw', NULL, NULL, NULL, '4e272fc4-7875-78d6-7d32-6a1673ffca7c', 'QL', 'Phòng quản lý', '3e9ce051-3625-11ee-a2e3-d45d64601179', 'MI', 'Máy in', '2023-05-10 00:00:00', '2022-01-29 00:00:00', 7000000, 3, 8.33, 583100, 2023, 12, 2023, True, NULL, '', '2023-09-06 08:51:53', '', '2023-09-06 08:51:53', 583100, 6416900),
('a18c356e-7873-4925-9799-058c20725b19', 'TS00108', 'Sony Alpha A6400', NULL, NULL, NULL, '11452b0c-768e-5ff7-0d63-eeb1d8ed8cef', 'HCKT', 'Phòng hành chính kế toán', '354f1b13-17bf-1b52-87d5-ba100c6f7bce', 'MA', 'Máy ảnh', '2023-07-01 00:00:00', '2023-01-02 00:00:00', 20000000, 2, 11.11, 2222000, 2023, 9, 2023, True, NULL, '', '2023-09-06 08:51:53', '', '2023-09-06 08:51:53', 2222000, 17778000),
('a1d4eac9-9890-4b33-ba83-62a72ef1f56e', 'TS00309', 'Fujifilm X-T5', NULL, NULL, NULL, '7686595d-16d5-33b3-0080-e8e2a817c80e', 'CNTT', 'Phòng công nghệ thông tin', '354f1b13-17bf-1b52-87d5-ba100c6f7bce', 'MA', 'Máy ảnh', '2023-01-09 00:00:00', '2022-08-18 00:00:00', 25500000, 3, 9.09, 2317950, 2023, 11, 2023, True, NULL, '', '2023-09-06 08:51:53', '', '2023-09-06 08:51:53', 2317950, 23182050),
('a214237c-4546-484b-ae52-af073b8d9a92', 'TS00196', 'OnePlus 5T', NULL, NULL, NULL, '7686595d-16d5-33b3-0080-e8e2a817c80e', 'CNTT', 'Phòng công nghệ thông tin', '25c6c36e-1668-7d10-6e09-bf1378b8dc91', 'ĐT', 'Điện thoại', '2023-07-21 00:00:00', '2023-06-28 00:00:00', 6000000, 3, 9.09, 545400, 2023, 11, 2023, True, NULL, '', '2023-09-06 08:51:53', '', '2023-09-06 08:51:53', 545400, 5454600),
('a3612b0c-94de-4045-9ba1-bc92f0040e00', 'TS00017', 'Máy bàn Lenovo IdeaCentre', NULL, NULL, NULL, '2bbbd485-6df2-536a-7e32-6a1673ffca7c', 'TCTH', 'Phòng tài chính tổng hợp', '1b691e79-236d-5b5a-9d20-39c2f00615e8', 'MB', 'Máy bàn', '2023-03-28 00:00:00', '2023-01-18 00:00:00', 15750000, 8, 11.11, 1749825, 2023, 9, 2023, True, NULL, '', '2023-09-06 08:51:53', '', '2023-09-06 08:51:53', 1749825, 14000175),
('a36f25ea-8f4f-4691-a879-cfd77fa794c6', 'TS00026', 'Máy tính xách tay Microsoft Surface', NULL, NULL, NULL, '768f8e64-7d10-20c9-967d-e8c757976496', 'KT', 'Phòng kỹ thuật', '148ed882-32b8-218e-9c20-39c2f00615e8', 'MTXT', 'Máy tính xách tay', '2023-04-03 00:00:00', '2022-11-01 00:00:00', 27000000, 8, 6.67, 1800900, 2023, 15, 2023, True, NULL, '', '2023-09-06 08:51:53', '', '2023-09-06 08:51:53', 1800900, 25199100),
('a37c7a7b-6bd5-4759-b1f1-1cf587fd0d1c', 'TS00180', 'HP LaserJet Pro M15w', NULL, NULL, NULL, '2bbbd485-6df2-536a-7e32-6a1673ffca7c', 'TCTH', 'Phòng tài chính tổng hợp', '3e9ce051-3625-11ee-a2e3-d45d64601179', 'MI', 'Máy in', '2022-12-03 00:00:00', '2022-09-22 00:00:00', 4000000, 10, 10, 400000, 2023, 10, 2022, True, NULL, '', '2023-09-06 08:51:53', '', '2023-09-06 08:51:53', 800000, 3200000),
('a62f6baf-99a6-4060-b736-3f78955dac3b', 'TS00149', 'HP Envy 6055', NULL, NULL, NULL, '142cb08f-7c31-21fa-8e90-67245e8b283e', 'TK', 'Phòng thư ký', '3e9ce051-3625-11ee-a2e3-d45d64601179', 'MI', 'Máy in', '2023-07-07 00:00:00', '2023-04-30 00:00:00', 1500000, 10, 7.14, 107100, 2023, 14, 2023, True, NULL, '', '2023-09-06 08:51:53', '', '2023-09-06 08:51:53', 107100, 1392900),
('a6415fbe-5131-44dd-b825-f2d8827daaac', 'TS00096', 'Apple MacBook Air', NULL, NULL, NULL, '7686595d-16d5-33b3-0080-e8e2a817c80e', 'CNTT', 'Phòng công nghệ thông tin', '148ed882-32b8-218e-9c20-39c2f00615e8', 'MTXT', 'Máy tính xách tay', '2023-03-20 00:00:00', '2022-11-22 00:00:00', 25000000, 3, 9.09, 2272500, 2023, 11, 2023, True, NULL, '', '2023-09-06 08:51:53', '', '2023-09-06 08:51:53', 2272500, 22727500),
('a75211c0-09d8-48e7-9650-50248fda501f', 'TS00097', 'Bose QuietComfort 35', NULL, NULL, NULL, '469b3ece-744a-45d5-957d-e8c757976496', 'NC', 'Phòng nghiên cứu', '09cfb0c0-3625-11ee-a2e3-d45d64601179', 'TN', 'Tai nghe\r\n', '2023-05-15 00:00:00', '2022-05-24 00:00:00', 5000000, 1, 16.67, 833500, 2023, 6, 2023, True, NULL, '', '2023-09-06 08:51:53', '', '2023-09-06 08:51:53', 833500, 4166500),
('a827ff2f-b0f4-402c-aa23-bd7a5f79edf2', 'TS00241', 'Razer Naga X', NULL, NULL, NULL, '59d19422-6657-452e-a7db-e5d54223c257', 'KDTT', 'Phòng kinh doanh và tiếp thị', 'dd23336c-3624-11ee-a2e3-d45d64601179', 'CMT', 'Chuột máy tính\r\n', '2023-06-11 00:00:00', '2023-04-24 00:00:00', 1600000, 1, 7.69, 123040, 2023, 13, 2023, True, NULL, '', '2023-09-06 08:51:53', '', '2023-09-06 08:51:53', 123040, 1476960),
('a903f5f2-f28c-413a-817e-0e99e98bb5ae', 'TS00212', 'Razer DeathAdder', NULL, NULL, NULL, '11452b0c-768e-5ff7-0d63-eeb1d8ed8cef', 'HCKT', 'Phòng hành chính kế toán', 'dd23336c-3624-11ee-a2e3-d45d64601179', 'CMT', 'Chuột máy tính\r\n', '2023-07-27 00:00:00', '2023-07-17 00:00:00', 1200000, 2, 25, 300000, 2023, 4, 2023, True, NULL, '', '2023-09-06 08:51:53', '', '2023-09-06 08:51:53', 300000, 900000),
('a9358563-8809-47a6-9ce4-4ed2284cbec3', 'TS00220', 'Fujifilm X-T4', NULL, NULL, NULL, '142cb08f-7c31-21fa-8e90-67245e8b283e', 'TK', 'Phòng thư ký', '354f1b13-17bf-1b52-87d5-ba100c6f7bce', 'MA', 'Máy ảnh', '2022-12-10 00:00:00', '2022-11-18 00:00:00', 25000000, 4, 16.67, 4167500, 2023, 6, 2022, True, NULL, '', '2023-09-06 08:51:53', '', '2023-09-06 08:51:53', 8335000, 16665000),
('a9493860-c2ce-49f8-b143-5c15eb9c01f9', 'TS00214', 'Sony WH-1000XM4', NULL, NULL, NULL, '768f8e64-7d10-20c9-967d-e8c757976496', 'KT', 'Phòng kỹ thuật', '09cfb0c0-3625-11ee-a2e3-d45d64601179', 'TN', 'Tai nghe\r\n', '2023-07-28 00:00:00', '2023-07-27 00:00:00', 3500000, 5, 10, 350000, 2023, 10, 2023, True, NULL, '', '2023-09-06 08:51:53', '', '2023-09-06 08:51:53', 350000, 3150000),
('aab9a5c5-01ed-4173-b735-410541a27e5c', 'TS00331', 'Microsoft Surface Laptop 2', NULL, NULL, NULL, '469b3ece-744a-45d5-957d-e8c757976496', 'NC', 'Phòng nghiên cứu', '148ed882-32b8-218e-9c20-39c2f00615e8', 'MTXT', 'Máy tính xách tay', '2022-11-27 00:00:00', '2022-01-28 00:00:00', 23500000, 7, 7.69, 1807150, 2023, 13, 2022, True, NULL, '', '2023-09-06 08:51:53', '', '2023-09-06 08:51:53', 3614300, 19885700),
('ab23660a-ea96-4329-acea-9b76533a4aa2', 'TS00192', 'HP DeskJet 3755', NULL, NULL, NULL, '59d19422-6657-452e-a7db-e5d54223c257', 'KDTT', 'Phòng kinh doanh và tiếp thị', '3e9ce051-3625-11ee-a2e3-d45d64601179', 'MI', 'Máy in', '2022-09-03 00:00:00', '2022-06-05 00:00:00', 1000000, 2, 8.33, 83300, 2023, 12, 2022, True, NULL, '', '2023-09-06 08:51:53', '', '2023-09-06 08:51:53', 166600, 833400),
('ababa1ba-1f3e-4855-a973-0262bbc4e52d', 'TS00177', 'Bose QuietControl 30', NULL, NULL, NULL, '469b3ece-744a-45d5-957d-e8c757976496', 'NC', 'Phòng nghiên cứu', '09cfb0c0-3625-11ee-a2e3-d45d64601179', 'TN', 'Tai nghe\r\n', '2023-02-22 00:00:00', '2022-10-13 00:00:00', 4000000, 2, 16.67, 666800, 2023, 6, 2023, True, NULL, '', '2023-09-06 08:51:53', '', '2023-09-06 08:51:53', 666800, 3333200),
('ac4ec4fb-a222-4bb9-bada-b4ae0f680a9f', 'TS00261', 'Nokia 8.3', NULL, NULL, NULL, '768f8e64-7d10-20c9-967d-e8c757976496', 'KT', 'Phòng kỹ thuật', '25c6c36e-1668-7d10-6e09-bf1378b8dc91', 'ĐT', 'Điện thoại', '2023-01-11 00:00:00', '2022-09-14 00:00:00', 16000000, 9, 7.14, 1142400, 2023, 14, 2023, True, NULL, '', '2023-09-06 08:51:53', '', '2023-09-06 08:51:53', 1142400, 14857600),
('ad268822-da18-4304-8b2d-d82b33ea214f', 'TS00361', 'HP Spectre x360 2', NULL, NULL, NULL, '768f8e64-7d10-20c9-967d-e8c757976496', 'KT', 'Phòng kỹ thuật', '148ed882-32b8-218e-9c20-39c2f00615e8', 'MTXT', 'Máy tính xách tay', '2022-10-14 00:00:00', '2022-08-21 00:00:00', 26500000, 9, 7.14, 1892100, 2023, 14, 2022, True, NULL, '', '2023-09-06 08:51:53', '', '2023-09-06 08:51:53', 3784200, 22715800),
('adaa2cb2-ae9c-43db-85d3-fbadfdeba876', 'TS00129', 'OnePlus 9 Pro', NULL, NULL, NULL, '59d19422-6657-452e-a7db-e5d54223c257', 'KDTT', 'Phòng kinh doanh và tiếp thị', '25c6c36e-1668-7d10-6e09-bf1378b8dc91', 'ĐT', 'Điện thoại', '2023-05-12 00:00:00', '2022-01-28 00:00:00', 18000000, 8, 6.67, 1200600, 2023, 15, 2023, True, NULL, '', '2023-09-06 08:51:53', '', '2023-09-06 08:51:53', 1200600, 16799400),
('af333fb0-7da3-41d8-86b3-eac4bbb99a96', 'TS00151', 'iPhone 12 Pro Max', NULL, NULL, NULL, '11452b0c-768e-5ff7-0d63-eeb1d8ed8cef', 'HCKT', 'Phòng hành chính kế toán', '25c6c36e-1668-7d10-6e09-bf1378b8dc91', 'ĐT', 'Điện thoại', '2023-02-18 00:00:00', '2022-05-03 00:00:00', 22000000, 10, 9.09, 1999800, 2023, 11, 2023, True, NULL, '', '2023-09-06 08:51:53', '', '2023-09-06 08:51:53', 1999800, 20000200),
('af9a383a-8788-4b4b-9b78-b736b904789c', 'TS00050', 'Màn hình AOC 27"', NULL, NULL, NULL, '4e272fc4-7875-78d6-7d32-6a1673ffca7c', 'QL', 'Phòng quản lý', '3700cc49-55b5-69ea-4929-a2925c0f334d', 'MH', 'Màn hình', '2022-08-22 00:00:00', '2022-03-14 00:00:00', 6750000, 9, 11.11, 749925, 2023, 9, 2022, True, NULL, '', '2023-09-06 08:51:53', '', '2023-09-06 08:51:53', 1499850, 5250150),
('afac18a5-f036-4916-ad17-7efc592512e6', 'TS00302', 'Logitech K121', NULL, NULL, NULL, '17120d02-6ab5-3e43-18cb-66948daf6128', 'HR', 'Phòng nhân sự', 'fa18577f-3624-11ee-a2e3-d45d64601179', 'BP', 'Bàn phím', '2023-02-26 00:00:00', '2023-01-02 00:00:00', 310000, 6, 14.29, 44299, 2023, 7, 2023, True, NULL, '', '2023-09-06 08:51:53', '', '2023-09-06 08:51:53', 44299, 265701),
('b06d6eec-db41-47cb-9fc7-41b8c6c75711', 'TS00082', 'Sony WH-1000XM4', NULL, NULL, NULL, '7686595d-16d5-33b3-0080-e8e2a817c80e', 'CNTT', 'Phòng công nghệ thông tin', '09cfb0c0-3625-11ee-a2e3-d45d64601179', 'TN', 'Tai nghe\r\n', '2023-01-05 00:00:00', '2022-07-05 00:00:00', 4000000, 6, 6.67, 266800, 2023, 15, 2023, True, NULL, '', '2023-09-06 08:51:53', '', '2023-09-06 08:51:53', 266800, 3733200),
('b0a6905f-7a6c-4bc6-9cba-111401de2549', 'TS00185', 'Razer Opus X', NULL, NULL, NULL, '768f8e64-7d10-20c9-967d-e8c757976496', 'KT', 'Phòng kỹ thuật', '09cfb0c0-3625-11ee-a2e3-d45d64601179', 'TN', 'Tai nghe\r\n', '2023-03-01 00:00:00', '2022-08-21 00:00:00', 3000000, 8, 20, 600000, 2023, 5, 2023, True, NULL, '', '2023-09-06 08:51:53', '', '2023-09-06 08:51:53', 600000, 2400000),
('b0dcdf93-2b16-417e-95d1-91c4d5d5b58e', 'TS00286', 'Panasonic Lumix S5', NULL, NULL, NULL, '7686595d-16d5-33b3-0080-e8e2a817c80e', 'CNTT', 'Phòng công nghệ thông tin', '354f1b13-17bf-1b52-87d5-ba100c6f7bce', 'MA', 'Máy ảnh', '2023-04-18 00:00:00', '2022-08-07 00:00:00', 27000000, 10, 20, 5400000, 2023, 5, 2023, True, NULL, '', '2023-09-06 08:51:53', '', '2023-09-06 08:51:53', 5400000, 21600000),
('b165f28f-8f6d-43ce-b311-5f342d43fa66', 'TS00005', 'Màn hình Samsung 27"', NULL, NULL, NULL, '11452b0c-768e-5ff7-0d63-eeb1d8ed8cef', 'HCKT', 'Phòng hành chính kế toán', '3700cc49-55b5-69ea-4929-a2925c0f334d', 'MH', 'Màn hình', '2023-01-03 00:00:00', '2022-12-04 00:00:00', 6750000, 7, 7.69, 519075, 2023, 13, 2023, True, NULL, '', '2023-09-06 08:51:53', '', '2023-09-06 08:51:53', 519075, 6230925),
('b19e0018-d494-41ac-abef-ed93225b282b', 'TS00267', 'Sony Xperia 1 III', NULL, NULL, NULL, '2bbbd485-6df2-536a-7e32-6a1673ffca7c', 'TCTH', 'Phòng tài chính tổng hợp', '25c6c36e-1668-7d10-6e09-bf1378b8dc91', 'ĐT', 'Điện thoại', '2023-05-06 00:00:00', '2022-07-12 00:00:00', 25000000, 8, 11.11, 2777500, 2023, 9, 2023, True, NULL, '', '2023-09-06 08:51:53', '', '2023-09-06 08:51:53', 2777500, 22222500),
('b1b9f05d-4063-4b27-b58b-c5a6672492c5', 'TS00087', 'Logitech G Pro X', NULL, NULL, NULL, '17120d02-6ab5-3e43-18cb-66948daf6128', 'HR', 'Phòng nhân sự', 'fa18577f-3624-11ee-a2e3-d45d64601179', 'BP', 'Bàn phím', '2023-06-11 00:00:00', '2023-06-09 00:00:00', 1000000, 7, 7.14, 71400, 2023, 14, 2023, True, NULL, '', '2023-09-06 08:51:53', '', '2023-09-06 08:51:53', 71400, 928600),
('b242ab04-c268-4d7c-8b13-986a54f8cbd8', 'TS00184', 'OnePlus 6T', NULL, NULL, NULL, '17120d02-6ab5-3e43-18cb-66948daf6128', 'HR', 'Phòng nhân sự', '25c6c36e-1668-7d10-6e09-bf1378b8dc91', 'ĐT', 'Điện thoại', '2023-01-01 00:00:00', '2022-09-23 00:00:00', 8000000, 2, 11.11, 888800, 2023, 9, 2023, True, NULL, '', '2023-09-06 08:51:53', '', '2023-09-06 08:51:53', 888800, 7111200),
('b31a2bb9-2f14-44b6-a3ac-645fb0b758f2', 'TS00046', 'Máy tính xách tay Razer Blade', NULL, NULL, NULL, '7686595d-16d5-33b3-0080-e8e2a817c80e', 'CNTT', 'Phòng công nghệ thông tin', '148ed882-32b8-218e-9c20-39c2f00615e8', 'MTXT', 'Máy tính xách tay', '2022-11-01 00:00:00', '2022-02-15 00:00:00', 31500000, 3, 9.09, 2863350, 2023, 11, 2022, True, NULL, '', '2023-09-06 08:51:53', '', '2023-09-06 08:51:53', 5726700, 25773300),
('b3522ce9-896f-4bc6-9cb6-006c24e76317', 'TS00027', 'Máy bàn Dell OptiPlex', NULL, NULL, NULL, '469b3ece-744a-45d5-957d-e8c757976496', 'NC', 'Phòng nghiên cứu', '1b691e79-236d-5b5a-9d20-39c2f00615e8', 'MB', 'Máy bàn', '2023-01-04 00:00:00', '2022-07-11 00:00:00', 18000000, 2, 16.67, 3000600, 2023, 6, 2023, True, NULL, '', '2023-09-06 08:51:53', '', '2023-09-06 08:51:53', 3000600, 14999400),
('b67ef139-1d7c-4261-bf73-10453598697c', 'TS00145', 'Asus ZenBook 13', NULL, NULL, NULL, '4e272fc4-7875-78d6-7d32-6a1673ffca7c', 'QL', 'Phòng quản lý', '148ed882-32b8-218e-9c20-39c2f00615e8', 'MTXT', 'Máy tính xách tay', '2023-02-22 00:00:00', '2022-11-10 00:00:00', 22000000, 3, 8.33, 1832600, 2023, 12, 2023, True, NULL, '', '2023-09-06 08:51:53', '', '2023-09-06 08:51:53', 1832600, 20167400),
('b6b6ce4f-674d-479e-ba6a-f672b638969e', 'TS00216', 'Dell 32" Monitor', NULL, NULL, NULL, '768f8e64-7d10-20c9-967d-e8c757976496', 'KT', 'Phòng kỹ thuật', '3700cc49-55b5-69ea-4929-a2925c0f334d', 'MH', 'Màn hình', '2022-02-20 00:00:00', '2022-02-07 00:00:00', 6000000, 3, 9.09, 545400, 2023, 11, 2022, True, NULL, '', '2023-09-06 08:51:53', '', '2023-09-06 08:51:53', 1090800, 4909200),
('b71d3bcd-5156-424b-a9cc-1b5abb5d87de', 'TS00104', 'Nikon Z6', NULL, NULL, NULL, '142cb08f-7c31-21fa-8e90-67245e8b283e', 'TK', 'Phòng thư ký', '354f1b13-17bf-1b52-87d5-ba100c6f7bce', 'MA', 'Máy ảnh', '2023-05-23 00:00:00', '2022-10-03 00:00:00', 40000000, 6, 7.69, 3076000, 2023, 13, 2023, True, NULL, '', '2023-09-06 08:51:53', '', '2023-09-06 08:51:53', 3076000, 36924000),
('b8c2115c-d8e9-4e9a-b5b2-e180bf24b778', 'TS00098', 'Canon EOS R5', NULL, NULL, NULL, '7686595d-16d5-33b3-0080-e8e2a817c80e', 'CNTT', 'Phòng công nghệ thông tin', '354f1b13-17bf-1b52-87d5-ba100c6f7bce', 'MA', 'Máy ảnh', '2022-05-12 00:00:00', '2022-01-20 00:00:00', 60000000, 8, 7.14, 4284000, 2023, 14, 2022, True, NULL, '', '2023-09-06 08:51:53', '', '2023-09-06 08:51:53', 8568000, 51432000),
('ba2a5555-f591-4c67-9f90-e0cfd1a7191d', 'TS00238', 'Nikon Z6', NULL, NULL, NULL, '469b3ece-744a-45d5-957d-e8c757976496', 'NC', 'Phòng nghiên cứu', '354f1b13-17bf-1b52-87d5-ba100c6f7bce', 'MA', 'Máy ảnh', '2022-11-21 00:00:00', '2022-09-13 00:00:00', 28000000, 1, 8.33, 2332400, 2023, 12, 2022, True, NULL, '', '2023-09-06 08:51:53', '', '2023-09-06 08:51:53', 4664800, 23335200),
('ba2e25fa-6b40-4960-907d-b9db27d987bd', 'TS00218', 'HP Pavilion', NULL, NULL, NULL, '4577565a-7e3e-493a-74dd-867949feb8b5', 'CSKH', 'Phòng chăm sóc khách hàng', '148ed882-32b8-218e-9c20-39c2f00615e8', 'MTXT', 'Máy tính xách tay', '2023-04-30 00:00:00', '2022-12-13 00:00:00', 15000000, 4, 14.29, 2143500, 2023, 7, 2023, True, NULL, '', '2023-09-06 08:51:53', '', '2023-09-06 08:51:53', 2143500, 12856500),
('bc878e5f-44e2-4912-b973-1aecb7a26655', 'TS00388', 'LG 31" Monitor', NULL, NULL, NULL, '469b3ece-744a-45d5-957d-e8c757976496', 'NC', 'Phòng nghiên cứu', '3700cc49-55b5-69ea-4929-a2925c0f334d', 'MH', 'Màn hình', '2023-03-08 00:00:00', '2022-07-20 00:00:00', 4700000, 1, 8.33, 391510, 2023, 12, 2023, True, NULL, '', '2023-09-06 08:51:53', '', '2023-09-06 08:51:53', 391510, 4308490),
('bc931160-c647-4c2b-8779-c6249374dadd', 'TS00399', 'Canon ImageCLASS MF238w', NULL, NULL, NULL, '142cb08f-7c31-21fa-8e90-67245e8b283e', 'TK', 'Phòng thư ký', '3e9ce051-3625-11ee-a2e3-d45d64601179', 'MI', 'Máy in', '2023-06-19 00:00:00', '2023-04-29 00:00:00', 5100000, 10, 7.14, 364140, 2023, 14, 2023, True, NULL, '', '2023-09-06 08:51:53', '', '2023-09-06 08:51:53', 364140, 4735860),
('bc9ad912-e960-4e70-8256-4105fab14425', 'TS00169', 'Samsung Galaxy Buds Pro', NULL, NULL, NULL, '7686595d-16d5-33b3-0080-e8e2a817c80e', 'CNTT', 'Phòng công nghệ thông tin', '09cfb0c0-3625-11ee-a2e3-d45d64601179', 'TN', 'Tai nghe\r\n', '2023-04-16 00:00:00', '2022-05-31 00:00:00', 2500000, 4, 8.33, 208250, 2023, 12, 2023, True, NULL, '', '2023-09-06 08:51:53', '', '2023-09-06 08:51:53', 208250, 2291750),
('be1ac738-8ad7-4166-b704-1aa54102f31c', 'TS00150', 'Logitech G203', NULL, NULL, NULL, '4e272fc4-7875-78d6-7d32-6a1673ffca7c', 'QL', 'Phòng quản lý', 'dd23336c-3624-11ee-a2e3-d45d64601179', 'CMT', 'Chuột máy tính\r\n', '2022-11-20 00:00:00', '2022-04-14 00:00:00', 700000, 9, 11.11, 77770, 2023, 9, 2022, True, NULL, '', '2023-09-06 08:51:53', '', '2023-09-06 08:51:53', 155540, 544460),
('be3144c9-9adb-4292-87f2-afe12e52bef7', 'TS00183', 'Nikon D5', NULL, NULL, NULL, '17120d02-6ab5-3e43-18cb-66948daf6128', 'HR', 'Phòng nhân sự', '354f1b13-17bf-1b52-87d5-ba100c6f7bce', 'MA', 'Máy ảnh', '2023-05-15 00:00:00', '2023-01-29 00:00:00', 100000000, 4, 12.5, 12500000, 2023, 8, 2023, True, NULL, '', '2023-09-06 08:51:53', '', '2023-09-06 08:51:53', 12500000, 87500000),
('bece17b2-4499-4958-a1a1-ea0db02d5bbe', 'TS00156', 'Razer BlackWidow', NULL, NULL, NULL, '4e272fc4-7875-78d6-7d32-6a1673ffca7c', 'QL', 'Phòng quản lý', 'fa18577f-3624-11ee-a2e3-d45d64601179', 'BP', 'Bàn phím', '2023-07-14 00:00:00', '2023-07-14 00:00:00', 1500000, 6, 11.11, 166650, 2023, 9, 2023, True, NULL, '', '2023-09-06 08:51:53', '', '2023-09-06 08:51:53', 166650, 1333350),
('bed12adb-afe1-4e43-a02f-318b1f30f0d9', 'TS00182', 'Microsoft Surface Duo 2', NULL, NULL, NULL, '7686595d-16d5-33b3-0080-e8e2a817c80e', 'CNTT', 'Phòng công nghệ thông tin', '25c6c36e-1668-7d10-6e09-bf1378b8dc91', 'ĐT', 'Điện thoại', '2023-07-19 00:00:00', '2022-03-26 00:00:00', 28000000, 6, 6.67, 1867600, 2023, 15, 2023, True, NULL, '', '2023-09-06 08:51:53', '', '2023-09-06 08:51:53', 1867600, 26132400),
('bf44a364-882e-47df-94f8-2bbfa7e61d56', 'TS00371', 'Logitech G504', NULL, NULL, NULL, '2bbbd485-6df2-536a-7e32-6a1673ffca7c', 'TCTH', 'Phòng tài chính tổng hợp', 'dd23336c-3624-11ee-a2e3-d45d64601179', 'CMT', 'Chuột máy tính\r\n', '2022-05-23 00:00:00', '2022-05-04 00:00:00', 1600000, 9, 10, 160000, 2023, 10, 2022, True, NULL, '', '2023-09-06 08:51:53', '', '2023-09-06 08:51:53', 320000, 1280000),
('c05f6c7e-9c4a-4b4c-a120-35f99e942603', 'TS00021', 'Máy tính xách tay MacBook Air', NULL, NULL, NULL, '2bbbd485-6df2-536a-7e32-6a1673ffca7c', 'TCTH', 'Phòng tài chính tổng hợp', '148ed882-32b8-218e-9c20-39c2f00615e8', 'MTXT', 'Máy tính xách tay', '2023-07-02 00:00:00', '2022-11-26 00:00:00', 22500000, 9, 10, 2250000, 2023, 10, 2023, True, NULL, '', '2023-09-06 08:51:53', '', '2023-09-06 08:51:53', 2250000, 20250000),
('c0780554-8265-4878-bff3-2cc4f9248268', 'TS00337', 'Acer Aspire 6', NULL, NULL, NULL, '17120d02-6ab5-3e43-18cb-66948daf6128', 'HR', 'Phòng nhân sự', '148ed882-32b8-218e-9c20-39c2f00615e8', 'MTXT', 'Máy tính xách tay', '2023-07-17 00:00:00', '2023-03-18 00:00:00', 14500000, 7, 7.14, 1035300, 2023, 14, 2023, True, NULL, '', '2023-09-06 08:51:53', '', '2023-09-06 08:51:53', 1035300, 13464700),
('c09a47a8-e4b5-429a-83ec-2f7c6d7ebc42', 'TS00230', 'Lenovo ThinkPad', NULL, NULL, NULL, '2bbbd485-6df2-536a-7e32-6a1673ffca7c', 'TCTH', 'Phòng tài chính tổng hợp', '148ed882-32b8-218e-9c20-39c2f00615e8', 'MTXT', 'Máy tính xách tay', '2023-07-19 00:00:00', '2022-01-29 00:00:00', 20000000, 10, 10, 2000000, 2023, 10, 2023, True, NULL, '', '2023-09-06 08:51:53', '', '2023-09-06 08:51:53', 2000000, 18000000),
('c10ce111-66f1-4998-a20a-48fe910b3f93', 'TS00011', 'Máy tính xách tay HP Spectre', NULL, NULL, NULL, '768f8e64-7d10-20c9-967d-e8c757976496', 'KT', 'Phòng kỹ thuật', '148ed882-32b8-218e-9c20-39c2f00615e8', 'MTXT', 'Máy tính xách tay', '2023-03-22 00:00:00', '2022-03-27 00:00:00', 33750000, 9, 7.14, 2409750, 2023, 14, 2023, True, NULL, '', '2023-09-06 08:51:53', '', '2023-09-06 08:51:53', 2409750, 31340250),
('c15e5ebe-8dbe-46ca-a901-1f73b2fad4ec', 'TS00051', 'Dell Inspiron 15', NULL, NULL, NULL, '11452b0c-768e-5ff7-0d63-eeb1d8ed8cef', 'HCKT', 'Phòng hành chính kế toán', '148ed882-32b8-218e-9c20-39c2f00615e8', 'MTXT', 'Máy tính xách tay', '2022-07-26 00:00:00', '2022-03-09 00:00:00', 15000000, 10, 9.09, 1363500, 2023, 11, 2022, True, NULL, '', '2023-09-06 08:51:53', '', '2023-09-06 08:51:53', 2727000, 12273000),
('c1b5f80d-6591-484b-b0e1-e4410886a02f', 'TS00334', 'Lexmark B2237dw', NULL, NULL, NULL, '17120d02-6ab5-3e43-18cb-66948daf6128', 'HR', 'Phòng nhân sự', '3e9ce051-3625-11ee-a2e3-d45d64601179', 'MI', 'Máy in', '2023-03-16 00:00:00', '2022-09-01 00:00:00', 7050000, 2, 11.11, 783255, 2023, 9, 2023, True, NULL, '', '2023-09-06 08:51:53', '', '2023-09-06 08:51:53', 783255, 6266745),
('c21e555d-e134-4655-89f3-2d6f00995331', 'TS00217', 'Microsoft Sculpt', NULL, NULL, NULL, '2bbbd485-6df2-536a-7e32-6a1673ffca7c', 'TCTH', 'Phòng tài chính tổng hợp', 'dd23336c-3624-11ee-a2e3-d45d64601179', 'CMT', 'Chuột máy tính\r\n', '2023-06-28 00:00:00', '2023-06-22 00:00:00', 800000, 8, 11.11, 88880, 2023, 9, 2023, True, NULL, '', '2023-09-06 08:51:53', '', '2023-09-06 08:51:53', 88880, 711120),
('c3375377-8cb6-43e3-a675-5c25672b73e0', 'TS00327', 'Nikon Z7', NULL, NULL, NULL, '469b3ece-744a-45d5-957d-e8c757976496', 'NC', 'Phòng nghiên cứu', '354f1b13-17bf-1b52-87d5-ba100c6f7bce', 'MA', 'Máy ảnh', '2022-12-28 00:00:00', '2022-11-26 00:00:00', 28500000, 2, 16.67, 4750950, 2023, 6, 2022, True, NULL, '', '2023-09-06 08:51:53', '', '2023-09-06 08:51:53', 9501900, 18998100),
('c36183b8-c945-4e22-970f-6881cf51fb70', 'TS00373', 'Asus ROG Strix 3', NULL, NULL, NULL, '59d19422-6657-452e-a7db-e5d54223c257', 'KDTT', 'Phòng kinh doanh và tiếp thị', '148ed882-32b8-218e-9c20-39c2f00615e8', 'MTXT', 'Máy tính xách tay', '2022-11-30 00:00:00', '2022-09-24 00:00:00', 19000000, 10, 9.09, 1727100, 2023, 11, 2022, True, NULL, '', '2023-09-06 08:51:53', '', '2023-09-06 08:51:53', 3454200, 15545800),
('c3ab143b-3ab8-48e1-81f1-c18f438856b2', 'TS00089', 'OnePlus 8 Pro', NULL, NULL, NULL, '142cb08f-7c31-21fa-8e90-67245e8b283e', 'TK', 'Phòng thư ký', '25c6c36e-1668-7d10-6e09-bf1378b8dc91', 'ĐT', 'Điện thoại', '2023-05-24 00:00:00', '2022-12-27 00:00:00', 16000000, 2, 6.67, 1067200, 2023, 15, 2023, True, NULL, '', '2023-09-06 08:51:53', '', '2023-09-06 08:51:53', 1067200, 14932800),
('c459dad9-0b6f-4659-8793-f7c0097a4cfa', 'TS00340', 'Kyocera ECOSYS P2236dw', NULL, NULL, NULL, '2bbbd485-6df2-536a-7e32-6a1673ffca7c', 'TCTH', 'Phòng tài chính tổng hợp', '3e9ce051-3625-11ee-a2e3-d45d64601179', 'MI', 'Máy in', '2022-12-23 00:00:00', '2022-11-10 00:00:00', 8050000, 4, 25, 2012500, 2023, 4, 2022, True, NULL, '', '2023-09-06 08:51:53', '', '2023-09-06 08:51:53', 4025000, 4025000),
('c4b3cd78-8364-4781-b7ee-f953bf7cfcf4', 'TS00237', 'iPhone 12 Pro', NULL, NULL, NULL, '17120d02-6ab5-3e43-18cb-66948daf6128', 'HR', 'Phòng nhân sự', '25c6c36e-1668-7d10-6e09-bf1378b8dc91', 'ĐT', 'Điện thoại', '2022-12-06 00:00:00', '2022-08-21 00:00:00', 20000000, 7, 7.14, 1428000, 2023, 14, 2022, True, NULL, '', '2023-09-06 08:51:53', '', '2023-09-06 08:51:53', 2856000, 17144000),
('c52969a3-cdfc-4f3b-b1d5-e52686db5802', 'TS00043', 'Điện thoại Motorola Edge', NULL, NULL, NULL, '469b3ece-744a-45d5-957d-e8c757976496', 'NC', 'Phòng nghiên cứu', '25c6c36e-1668-7d10-6e09-bf1378b8dc91', 'ĐT', 'Điện thoại', '2022-04-09 00:00:00', '2022-02-16 00:00:00', 9000000, 9, 7.69, 692100, 2023, 13, 2022, True, NULL, '', '2023-09-06 08:51:53', '', '2023-09-06 08:51:53', 1384200, 7615800),
('c5dfd053-f112-46f7-83f3-912e88c82064', 'TS00148', 'Dell Latitude 5420', NULL, NULL, NULL, '7686595d-16d5-33b3-0080-e8e2a817c80e', 'CNTT', 'Phòng công nghệ thông tin', '148ed882-32b8-218e-9c20-39c2f00615e8', 'MTXT', 'Máy tính xách tay', '2022-09-19 00:00:00', '2022-04-04 00:00:00', 18000000, 8, 7.14, 1285200, 2023, 14, 2022, True, NULL, '', '2023-09-06 08:51:53', '', '2023-09-06 08:51:53', 2570400, 15429600),
('c5e26bd6-e103-4b97-a9c0-c96276b3217a', 'TS00147', 'Canon EOS M6 Mark II', NULL, NULL, NULL, '469b3ece-744a-45d5-957d-e8c757976496', 'NC', 'Phòng nghiên cứu', '354f1b13-17bf-1b52-87d5-ba100c6f7bce', 'MA', 'Máy ảnh', '2022-12-07 00:00:00', '2022-11-10 00:00:00', 25000000, 1, 16.67, 4167500, 2023, 6, 2022, True, NULL, '', '2023-09-06 08:51:53', '', '2023-09-06 08:51:53', 8335000, 16665000),
('c6d221bb-2b93-4a16-9d01-a4c14a7f6a57', 'TS00174', 'Dell Alienware', NULL, NULL, NULL, '4577565a-7e3e-493a-74dd-867949feb8b5', 'CSKH', 'Phòng chăm sóc khách hàng', '148ed882-32b8-218e-9c20-39c2f00615e8', 'MTXT', 'Máy tính xách tay', '2023-06-20 00:00:00', '2022-01-22 00:00:00', 35000000, 1, 8.33, 2915500, 2023, 12, 2023, True, NULL, '', '2023-09-06 08:51:53', '', '2023-09-06 08:51:53', 2915500, 32084500),
('c7ee7fb7-767b-454b-8dc5-cbc3a5cbbd0d', 'TS00008', 'Điện thoại Samsung Galaxy S21', NULL, NULL, NULL, '11452b0c-768e-5ff7-0d63-eeb1d8ed8cef', 'HCKT', 'Phòng hành chính kế toán', '25c6c36e-1668-7d10-6e09-bf1378b8dc91', 'ĐT', 'Điện thoại', '2023-07-29 00:00:00', '2022-05-17 00:00:00', 18000000, 2, 11.11, 1999800, 2023, 9, 2023, True, NULL, '', '2023-09-06 08:51:53', '', '2023-09-06 08:51:53', 1999800, 16000200),
('c7f4d054-c440-4f19-8d86-3a7add1c620b', 'TS00231', 'OnePlus 9', NULL, NULL, NULL, '469b3ece-744a-45d5-957d-e8c757976496', 'NC', 'Phòng nghiên cứu', '25c6c36e-1668-7d10-6e09-bf1378b8dc91', 'ĐT', 'Điện thoại', '2023-05-19 00:00:00', '2023-04-26 00:00:00', 21000000, 7, 7.69, 1614900, 2023, 13, 2023, True, NULL, '', '2023-09-06 08:51:53', '', '2023-09-06 08:51:53', 1614900, 19385100),
('c82b29be-afdd-4965-b789-02e5f1caf4d2', 'TS00275', 'HP LaserJet Pro MFP M428fdw', NULL, NULL, NULL, '7686595d-16d5-33b3-0080-e8e2a817c80e', 'CNTT', 'Phòng công nghệ thông tin', '3e9ce051-3625-11ee-a2e3-d45d64601179', 'MI', 'Máy in', '2022-12-01 00:00:00', '2022-03-29 00:00:00', 12000000, 6, 9.09, 1090800, 2023, 11, 2022, True, NULL, '', '2023-09-06 08:51:53', '', '2023-09-06 08:51:53', 2181600, 9818400),
('c8b3e71c-4613-47da-9e59-8c17192b53ca', 'TS00022', 'Máy bàn Apple iMac', NULL, NULL, NULL, '768f8e64-7d10-20c9-967d-e8c757976496', 'KT', 'Phòng kỹ thuật', '1b691e79-236d-5b5a-9d20-39c2f00615e8', 'MB', 'Máy bàn', '2022-07-03 00:00:00', '2022-02-08 00:00:00', 45000000, 4, 16.67, 7501500, 2023, 6, 2022, True, NULL, '', '2023-09-06 08:51:53', '', '2023-09-06 08:51:53', 15003000, 29997000),
('c951c145-0cd4-42b6-ad9a-e7c8d9f31504', 'TS00080', 'Logitech Wireless Mouse', NULL, NULL, NULL, '2bbbd485-6df2-536a-7e32-6a1673ffca7c', 'TCTH', 'Phòng tài chính tổng hợp', 'dd23336c-3624-11ee-a2e3-d45d64601179', 'CMT', 'Chuột máy tính\r\n', '2023-06-24 00:00:00', '2022-08-13 00:00:00', 250000, 10, 10, 25000, 2023, 10, 2023, True, NULL, '', '2023-09-06 08:51:53', '', '2023-09-06 08:51:53', 25000, 225000),
('cab921d8-bc66-49c2-9038-77f5ba1d38af', 'TS00356', 'OnePlus 8T Pro', NULL, NULL, NULL, '4e272fc4-7875-78d6-7d32-6a1673ffca7c', 'QL', 'Phòng quản lý', '25c6c36e-1668-7d10-6e09-bf1378b8dc91', 'ĐT', 'Điện thoại', '2022-10-29 00:00:00', '2022-01-22 00:00:00', 13500000, 6, 11.11, 1499850, 2023, 9, 2022, True, NULL, '', '2023-09-06 08:51:53', '', '2023-09-06 08:51:53', 2999700, 10500300),
('cb6868da-e93e-4928-8dcb-904777422bc3', 'TS00274', 'Nikon D780', NULL, NULL, NULL, '4577565a-7e3e-493a-74dd-867949feb8b5', 'CSKH', 'Phòng chăm sóc khách hàng', '354f1b13-17bf-1b52-87d5-ba100c6f7bce', 'MA', 'Máy ảnh', '2022-09-19 00:00:00', '2022-08-14 00:00:00', 32000000, 1, 8.33, 2665600, 2023, 12, 2022, True, NULL, '', '2023-09-06 08:51:53', '', '2023-09-06 08:51:53', 5331200, 26668800),
('cc875436-548a-41db-b22d-5624f1542422', 'TS00139', 'Microsoft Surface Go', NULL, NULL, NULL, '142cb08f-7c31-21fa-8e90-67245e8b283e', 'TK', 'Phòng thư ký', '148ed882-32b8-218e-9c20-39c2f00615e8', 'MTXT', 'Máy tính xách tay', '2023-07-31 00:00:00', '2022-10-13 00:00:00', 12000000, 2, 6.67, 800400, 2023, 15, 2023, True, NULL, '', '2023-09-06 08:51:53', '', '2023-09-06 08:51:53', 800400, 11199600),
('cc9288e0-1f39-460f-b7ee-72c16f788ed8', 'TS00166', 'Nikon D5600', NULL, NULL, NULL, '768f8e64-7d10-20c9-967d-e8c757976496', 'KT', 'Phòng kỹ thuật', '354f1b13-17bf-1b52-87d5-ba100c6f7bce', 'MA', 'Máy ảnh', '2022-12-07 00:00:00', '2022-11-04 00:00:00', 15000000, 3, 9.09, 1363500, 2023, 11, 2022, True, NULL, '', '2023-09-06 08:51:53', '', '2023-09-06 08:51:53', 2727000, 12273000),
('cdf02d03-f586-4671-b907-b44bd9accd98', 'TS00074', 'Dell XPS 13', NULL, NULL, NULL, '4577565a-7e3e-493a-74dd-867949feb8b5', 'CSKH', 'Phòng chăm sóc khách hàng', '148ed882-32b8-218e-9c20-39c2f00615e8', 'MTXT', 'Máy tính xách tay', '2023-01-09 00:00:00', '2022-10-02 00:00:00', 30000000, 1, 8.33, 2499000, 2023, 12, 2023, True, NULL, '', '2023-09-06 08:51:53', '', '2023-09-06 08:51:53', 2499000, 27501000),
('cdf171c4-9194-4b11-b624-f7a7102c74a7', 'TS00186', 'Samsung Galaxy S20 FE', NULL, NULL, NULL, '7686595d-16d5-33b3-0080-e8e2a817c80e', 'CNTT', 'Phòng công nghệ thông tin', '25c6c36e-1668-7d10-6e09-bf1378b8dc91', 'ĐT', 'Điện thoại', '2023-07-20 00:00:00', '2023-05-29 00:00:00', 18000000, 10, 20, 3600000, 2023, 5, 2023, True, NULL, '', '2023-09-06 08:51:53', '', '2023-09-06 08:51:53', 3600000, 14400000),
('cf0390bd-c7b6-474b-bc71-4cbff885667f', 'TS00120', 'Sony A7R IV', NULL, NULL, NULL, '142cb08f-7c31-21fa-8e90-67245e8b283e', 'TK', 'Phòng thư ký', '354f1b13-17bf-1b52-87d5-ba100c6f7bce', 'MA', 'Máy ảnh', '2023-07-04 00:00:00', '2023-02-07 00:00:00', 70000000, 4, 16.67, 11669000, 2023, 6, 2023, True, NULL, '', '2023-09-06 08:51:53', '', '2023-09-06 08:51:53', 11669000, 58331000),
('d0ff989c-c02a-497c-a762-b7d8a34360df', 'TS00222', 'LG 29" Monitor', NULL, NULL, NULL, '768f8e64-7d10-20c9-967d-e8c757976496', 'KT', 'Phòng kỹ thuật', '3700cc49-55b5-69ea-4929-a2925c0f334d', 'MH', 'Màn hình', '2023-02-23 00:00:00', '2022-06-28 00:00:00', 4500000, 4, 16.67, 750150, 2023, 6, 2023, True, NULL, '', '2023-09-06 08:51:53', '', '2023-09-06 08:51:53', 750150, 3749850),
('d1da1319-f49b-4026-887a-33f6e8e3e56d', 'TS00330', 'Razer Naga Y', NULL, NULL, NULL, '2bbbd485-6df2-536a-7e32-6a1673ffca7c', 'TCTH', 'Phòng tài chính tổng hợp', 'dd23336c-3624-11ee-a2e3-d45d64601179', 'CMT', 'Chuột máy tính\r\n', '2022-12-27 00:00:00', '2022-03-18 00:00:00', 1650000, 10, 10, 165000, 2023, 10, 2022, True, NULL, '', '2023-09-06 08:51:53', '', '2023-09-06 08:51:53', 330000, 1320000),
('d21cb21a-1d89-453d-9f29-f4dee96d480c', 'TS00344', 'Motorola Moto G101', NULL, NULL, NULL, '768f8e64-7d10-20c9-967d-e8c757976496', 'KT', 'Phòng kỹ thuật', '25c6c36e-1668-7d10-6e09-bf1378b8dc91', 'ĐT', 'Điện thoại', '2022-09-28 00:00:00', '2022-01-10 00:00:00', 15500000, 10, 6.67, 1033850, 2023, 15, 2022, True, NULL, '', '2023-09-06 08:51:53', '', '2023-09-06 08:51:53', 2067700, 13432300),
('d349ae99-49ef-4329-b560-6218122c9c33', 'TS00009', 'Máy ảnh Nikon D850', NULL, NULL, NULL, '7686595d-16d5-33b3-0080-e8e2a817c80e', 'CNTT', 'Phòng công nghệ thông tin', '354f1b13-17bf-1b52-87d5-ba100c6f7bce', 'MA', 'Máy ảnh', '2023-06-28 00:00:00', '2023-06-13 00:00:00', 49500000, 3, 9.09, 4499550, 2023, 11, 2023, True, NULL, '', '2023-09-06 08:51:53', '', '2023-09-06 08:51:53', 4499550, 45000450),
('d471dc9a-b7f8-4d28-ac71-3b2b1a594fe2', 'TS00132', 'Sony WH-1000XM3', NULL, NULL, NULL, '7686595d-16d5-33b3-0080-e8e2a817c80e', 'CNTT', 'Phòng công nghệ thông tin', '09cfb0c0-3625-11ee-a2e3-d45d64601179', 'TN', 'Tai nghe\r\n', '2022-12-10 00:00:00', '2022-01-13 00:00:00', 3500000, 6, 6.67, 233450, 2023, 15, 2022, True, NULL, '', '2023-09-06 08:51:53', '', '2023-09-06 08:51:53', 466900, 3033100),
('d4f888f3-b4c6-47ae-993b-57c58b4eb216', 'TS00265', 'Logitech G Pro', NULL, NULL, NULL, '7686595d-16d5-33b3-0080-e8e2a817c80e', 'CNTT', 'Phòng công nghệ thông tin', 'dd23336c-3624-11ee-a2e3-d45d64601179', 'CMT', 'Chuột máy tính\r\n', '2023-05-01 00:00:00', '2023-04-01 00:00:00', 1900000, 1, 10, 190000, 2023, 10, 2023, True, NULL, '', '2023-09-06 08:51:53', '', '2023-09-06 08:51:53', 190000, 1710000),
('d51e4aa8-f824-4d52-b3a6-cc6208ad259f', 'TS00188', 'Asus ZenBook Duo 14', NULL, NULL, NULL, '469b3ece-744a-45d5-957d-e8c757976496', 'NC', 'Phòng nghiên cứu', '148ed882-32b8-218e-9c20-39c2f00615e8', 'MTXT', 'Máy tính xách tay', '2023-01-11 00:00:00', '2022-06-10 00:00:00', 40000000, 1, 8.33, 3332000, 2023, 12, 2023, True, NULL, '', '2023-09-06 08:51:53', '', '2023-09-06 08:51:53', 3332000, 36668000),
('d5437425-9722-48e2-9217-8b916087ddd1', 'TS00346', 'Ricoh SP 378DNwX', NULL, NULL, NULL, '7686595d-16d5-33b3-0080-e8e2a817c80e', 'CNTT', 'Phòng công nghệ thông tin', '3e9ce051-3625-11ee-a2e3-d45d64601179', 'MI', 'Máy in', '2023-07-20 00:00:00', '2023-01-14 00:00:00', 9050000, 3, 9.09, 822645, 2023, 11, 2023, True, NULL, '', '2023-09-06 08:51:53', '', '2023-09-06 08:51:53', 822645, 8227355),
('d59b8f3e-39e6-4cfe-b794-f96110f7ddc6', 'TS00305', 'Dell 33" Monitor', NULL, NULL, NULL, '11452b0c-768e-5ff7-0d63-eeb1d8ed8cef', 'HCKT', 'Phòng hành chính kế toán', '3700cc49-55b5-69ea-4929-a2925c0f334d', 'MH', 'Màn hình', '2022-03-24 00:00:00', '2022-02-25 00:00:00', 6100000, 7, 7.69, 469090, 2023, 13, 2022, True, NULL, '', '2023-09-06 08:51:53', '', '2023-09-06 08:51:53', 938180, 5161820),
('d7022f06-3b37-4f55-b615-fdee2868a2cb', 'TS00255', 'Motorola Moto G100', NULL, NULL, NULL, '11452b0c-768e-5ff7-0d63-eeb1d8ed8cef', 'HCKT', 'Phòng hành chính kế toán', '25c6c36e-1668-7d10-6e09-bf1378b8dc91', 'ĐT', 'Điện thoại', '2023-03-23 00:00:00', '2022-11-26 00:00:00', 15000000, 7, 7.69, 1153500, 2023, 13, 2023, True, NULL, '', '2023-09-06 08:51:53', '', '2023-09-06 08:51:53', 1153500, 13846500),
('d73261ad-53fc-45b8-86b4-fe0b76a3e62c', 'TS00377', 'Acer 29" Monitor', NULL, NULL, NULL, '469b3ece-744a-45d5-957d-e8c757976496', 'NC', 'Phòng nghiên cứu', '3700cc49-55b5-69ea-4929-a2925c0f334d', 'MH', 'Màn hình', '2022-07-07 00:00:00', '2022-05-21 00:00:00', 5200000, 2, 16.67, 866840, 2023, 6, 2022, True, NULL, '', '2023-09-06 08:51:53', '', '2023-09-06 08:51:53', 1733680, 3466320),
('d7d4836c-b5ed-49b3-a53d-352da70f1ab5', 'TS00059', 'Canon PIXMA MG2522', NULL, NULL, NULL, '7686595d-16d5-33b3-0080-e8e2a817c80e', 'CNTT', 'Phòng công nghệ thông tin', '3e9ce051-3625-11ee-a2e3-d45d64601179', 'MI', 'Máy in', '2023-02-12 00:00:00', '2022-01-02 00:00:00', 1500000, 3, 9.09, 136350, 2023, 11, 2023, True, NULL, '', '2023-09-06 08:51:53', '', '2023-09-06 08:51:53', 136350, 1363650),
('d87e3411-e625-432f-b503-f490c519a738', 'TS00203', 'Canon EOS 5D', NULL, NULL, NULL, '768f8e64-7d10-20c9-967d-e8c757976496', 'KT', 'Phòng kỹ thuật', '354f1b13-17bf-1b52-87d5-ba100c6f7bce', 'MA', 'Máy ảnh', '2023-07-27 00:00:00', '2023-07-15 00:00:00', 46000000, 4, 16.67, 7668200, 2023, 6, 2023, True, NULL, '', '2023-09-06 08:51:53', '', '2023-09-06 08:51:53', 7668200, 38331800),
('d8878478-0ccd-44f1-a637-9c2b8c6eddac', 'TS00194', 'Microsoft Surface Pro 7+', NULL, NULL, NULL, '768f8e64-7d10-20c9-967d-e8c757976496', 'KT', 'Phòng kỹ thuật', '148ed882-32b8-218e-9c20-39c2f00615e8', 'MTXT', 'Máy tính xách tay', '2022-11-13 00:00:00', '2022-04-04 00:00:00', 25000000, 10, 6.67, 1667500, 2023, 15, 2022, True, NULL, '', '2023-09-06 08:51:53', '', '2023-09-06 08:51:53', 3335000, 21665000),
('d8ac68cc-1b85-47a5-a74c-2fec3c88dacf', 'TS00381', 'Canon PIXMA MG2530', NULL, NULL, NULL, '469b3ece-744a-45d5-957d-e8c757976496', 'NC', 'Phòng nghiên cứu', '3e9ce051-3625-11ee-a2e3-d45d64601179', 'MI', 'Máy in', '2023-07-11 00:00:00', '2023-06-06 00:00:00', 1100000, 7, 7.69, 84590, 2023, 13, 2023, True, NULL, '', '2023-09-06 08:51:53', '', '2023-09-06 08:51:53', 84590, 1015410),
('d955060c-de75-4e84-9e2a-e5338d99bd2e', 'TS00041', 'Máy tính xách tay LG Gram', NULL, NULL, NULL, '59d19422-6657-452e-a7db-e5d54223c257', 'KDTT', 'Phòng kinh doanh và tiếp thị', '148ed882-32b8-218e-9c20-39c2f00615e8', 'MTXT', 'Máy tính xách tay', '2022-11-25 00:00:00', '2022-10-07 00:00:00', 22500000, 1, 7.69, 1730250, 2023, 13, 2022, True, NULL, '', '2023-09-06 08:51:53', '', '2023-09-06 08:51:53', 3460500, 19039500),
('da27fc68-cb63-4e16-8265-e4d7d6f032d5', 'TS00242', 'Microsoft Surface Laptop', NULL, NULL, NULL, '59d19422-6657-452e-a7db-e5d54223c257', 'KDTT', 'Phòng kinh doanh và tiếp thị', '148ed882-32b8-218e-9c20-39c2f00615e8', 'MTXT', 'Máy tính xách tay', '2023-07-17 00:00:00', '2023-06-07 00:00:00', 23000000, 2, 8.33, 1915900, 2023, 12, 2023, True, NULL, '', '2023-09-06 08:51:53', '', '2023-09-06 08:51:53', 1915900, 21084100),
('dbffdfd6-e6a0-414c-9e80-4d1938542977', 'TS00256', 'Leica Q2', NULL, NULL, NULL, '4e272fc4-7875-78d6-7d32-6a1673ffca7c', 'QL', 'Phòng quản lý', '354f1b13-17bf-1b52-87d5-ba100c6f7bce', 'MA', 'Máy ảnh', '2022-11-27 00:00:00', '2022-06-01 00:00:00', 50000000, 6, 11.11, 5555000, 2023, 9, 2022, True, NULL, '', '2023-09-06 08:51:53', '', '2023-09-06 08:51:53', 11110000, 38890000),
('dc24be7b-e2a0-42eb-9b1e-0493dee7bf57', 'TS00058', 'Acer Aspire 5', NULL, NULL, NULL, '11452b0c-768e-5ff7-0d63-eeb1d8ed8cef', 'HCKT', 'Phòng hành chính kế toán', '148ed882-32b8-218e-9c20-39c2f00615e8', 'MTXT', 'Máy tính xách tay', '2023-03-28 00:00:00', '2022-12-15 00:00:00', 10000000, 2, 11.11, 1111000, 2023, 9, 2023, True, NULL, '', '2023-09-06 08:51:53', '', '2023-09-06 08:51:53', 1111000, 8889000),
('dcdadfa5-cee5-41ab-bfa9-b423547eb9ba', 'TS00244', 'Olympus OM-D E-M10 Mark III', NULL, NULL, NULL, '768f8e64-7d10-20c9-967d-e8c757976496', 'KT', 'Phòng kỹ thuật', '354f1b13-17bf-1b52-87d5-ba100c6f7bce', 'MA', 'Máy ảnh', '2022-03-28 00:00:00', '2022-03-13 00:00:00', 22000000, 10, 6.67, 1467400, 2023, 15, 2022, True, NULL, '', '2023-09-06 08:51:53', '', '2023-09-06 08:51:53', 2934800, 19065200),
('df79105f-3774-4028-8b66-da75b9bdefc4', 'TS00273', 'Google Pixel 5a', NULL, NULL, NULL, '59d19422-6657-452e-a7db-e5d54223c257', 'KDTT', 'Phòng kinh doanh và tiếp thị', '25c6c36e-1668-7d10-6e09-bf1378b8dc91', 'ĐT', 'Điện thoại', '2023-07-31 00:00:00', '2023-07-29 00:00:00', 14000000, 10, 9.09, 1272600, 2023, 11, 2023, True, NULL, '', '2023-09-06 08:51:53', '', '2023-09-06 08:51:53', 1272600, 12727400),
('dfc22b3f-c3bd-4540-b3ef-af2ffe8daeb3', 'TS00332', 'Huawei P41', NULL, NULL, NULL, '7686595d-16d5-33b3-0080-e8e2a817c80e', 'CNTT', 'Phòng công nghệ thông tin', '25c6c36e-1668-7d10-6e09-bf1378b8dc91', 'ĐT', 'Điện thoại', '2022-07-24 00:00:00', '2022-04-13 00:00:00', 18500000, 6, 6.67, 1233950, 2023, 15, 2022, True, NULL, '', '2023-09-06 08:51:53', '', '2023-09-06 08:51:53', 2467900, 16032100),
('e0389624-ed83-4e8f-8e3d-365bc149c03d', 'TS00036', 'Máy tính xách tay Toshiba Portege', NULL, NULL, NULL, '7686595d-16d5-33b3-0080-e8e2a817c80e', 'CNTT', 'Phòng công nghệ thông tin', '148ed882-32b8-218e-9c20-39c2f00615e8', 'MTXT', 'Máy tính xách tay', '2023-03-05 00:00:00', '2022-06-05 00:00:00', 22500000, 10, 20, 4500000, 2023, 5, 2023, True, NULL, '', '2023-09-06 08:51:53', '', '2023-09-06 08:51:53', 4500000, 18000000),
('e23f7de9-ad68-488c-91f9-6b3f0131d658', 'TS00350', 'Nokia 8.4', NULL, NULL, NULL, '4e272fc4-7875-78d6-7d32-6a1673ffca7c', 'QL', 'Phòng quản lý', '25c6c36e-1668-7d10-6e09-bf1378b8dc91', 'ĐT', 'Điện thoại', '2023-05-14 00:00:00', '2022-06-18 00:00:00', 16500000, 9, 11.11, 1833150, 2023, 9, 2023, True, NULL, '', '2023-09-06 08:51:53', '', '2023-09-06 08:51:53', 1833150, 14666850),
('e26ede78-5fac-4f0a-9bc3-e293d3371262', 'TS00264', 'LG 32" Monitor', NULL, NULL, NULL, '768f8e64-7d10-20c9-967d-e8c757976496', 'KT', 'Phòng kỹ thuật', '3700cc49-55b5-69ea-4929-a2925c0f334d', 'MH', 'Màn hình', '2023-07-16 00:00:00', '2022-12-03 00:00:00', 8000000, 5, 10, 800000, 2023, 10, 2023, True, NULL, '', '2023-09-06 08:51:53', '', '2023-09-06 08:51:53', 800000, 7200000),
('e2f8a4c8-c9b7-4aca-a78f-3e8cf695740e', 'TS00294', 'Logitech G503', NULL, NULL, NULL, '768f8e64-7d10-20c9-967d-e8c757976496', 'KT', 'Phòng kỹ thuật', 'dd23336c-3624-11ee-a2e3-d45d64601179', 'CMT', 'Chuột máy tính\r\n', '2023-04-05 00:00:00', '2023-02-20 00:00:00', 1550000, 10, 6.67, 103385, 2023, 15, 2023, True, NULL, '', '2023-09-06 08:51:53', '', '2023-09-06 08:51:53', 103385, 1446615),
('e3223734-fd93-4ca6-b5b9-ba598932be64', 'TS00160', 'Bose SoundSport Free', NULL, NULL, NULL, '17120d02-6ab5-3e43-18cb-66948daf6128', 'HR', 'Phòng nhân sự', '09cfb0c0-3625-11ee-a2e3-d45d64601179', 'TN', 'Tai nghe\r\n', '2023-06-21 00:00:00', '2023-04-27 00:00:00', 3000000, 4, 12.5, 375000, 2023, 8, 2023, True, NULL, '', '2023-09-06 08:51:53', '', '2023-09-06 08:51:53', 375000, 2625000),
('e32d8fc2-64c4-4083-b1d8-f42244594e70', 'TS00115', 'Microsoft Surface Laptop', NULL, NULL, NULL, '7686595d-16d5-33b3-0080-e8e2a817c80e', 'CNTT', 'Phòng công nghệ thông tin', '148ed882-32b8-218e-9c20-39c2f00615e8', 'MTXT', 'Máy tính xách tay', '2022-01-31 00:00:00', '2022-01-28 00:00:00', 22000000, 1, 10, 2200000, 2023, 10, 2022, True, NULL, '', '2023-09-06 08:51:53', '', '2023-09-06 08:51:53', 4400000, 17600000),
('e3a130d7-44d5-47c4-ba86-1138ebb3ef8a', 'TS00234', 'Asus 34" Monitor', NULL, NULL, NULL, '17120d02-6ab5-3e43-18cb-66948daf6128', 'HR', 'Phòng nhân sự', '3700cc49-55b5-69ea-4929-a2925c0f334d', 'MH', 'Màn hình', '2023-07-23 00:00:00', '2023-07-20 00:00:00', 7000000, 2, 11.11, 777700, 2023, 9, 2023, True, NULL, '', '2023-09-06 08:51:53', '', '2023-09-06 08:51:53', 777700, 6222300),
('e4046b02-f6fe-495e-9454-564a50ec95e6', 'TS00091', 'Samsung 24 Monitor', NULL, NULL, NULL, '59d19422-6657-452e-a7db-e5d54223c257', 'KDTT', 'Phòng kinh doanh và tiếp thị', '3700cc49-55b5-69ea-4929-a2925c0f334d', 'MH', 'Màn hình', '2023-02-16 00:00:00', '2022-10-05 00:00:00', 2500000, 1, 7.69, 192250, 2023, 13, 2023, True, NULL, '', '2023-09-06 08:51:53', '', '2023-09-06 08:51:53', 192250, 2307750),
('e42ae647-6ea6-47e0-8855-25e46126fc14', 'TS00063', 'Nikon D3500', NULL, NULL, NULL, '142cb08f-7c31-21fa-8e90-67245e8b283e', 'TK', 'Phòng thư ký', '354f1b13-17bf-1b52-87d5-ba100c6f7bce', 'MA', 'Máy ảnh', '2023-06-12 00:00:00', '2022-12-16 00:00:00', 14000000, 8, 10, 1400000, 2023, 10, 2023, True, NULL, '', '2023-09-06 08:51:53', '', '2023-09-06 08:51:53', 1400000, 12600000),
('e4890918-bec2-49eb-8394-ddd78b30ffaa', 'TS00062', 'Logitech G Pro X', NULL, NULL, NULL, '11452b0c-768e-5ff7-0d63-eeb1d8ed8cef', 'HCKT', 'Phòng hành chính kế toán', 'fa18577f-3624-11ee-a2e3-d45d64601179', 'BP', 'Bàn phím', '2022-12-24 00:00:00', '2022-11-11 00:00:00', 1000000, 2, 25, 250000, 2023, 4, 2022, True, NULL, '', '2023-09-06 08:51:53', '', '2023-09-06 08:51:53', 500000, 500000),
('e513ac07-301d-487e-b790-fdb84556734a', 'TS00296', 'Asus ROG Strix 2', NULL, NULL, NULL, '7686595d-16d5-33b3-0080-e8e2a817c80e', 'CNTT', 'Phòng công nghệ thông tin', '148ed882-32b8-218e-9c20-39c2f00615e8', 'MTXT', 'Máy tính xách tay', '2023-07-25 00:00:00', '2023-07-20 00:00:00', 18500000, 3, 9.09, 1681650, 2023, 11, 2023, True, NULL, '', '2023-09-06 08:51:53', '', '2023-09-06 08:51:53', 1681650, 16818350),
('e5bfecf5-299f-4fc6-a31d-74c8d3ee39ae', 'TS00113', 'HP EliteDisplay E243', NULL, NULL, NULL, '142cb08f-7c31-21fa-8e90-67245e8b283e', 'TK', 'Phòng thư ký', '3700cc49-55b5-69ea-4929-a2925c0f334d', 'MH', 'Màn hình', '2023-06-05 00:00:00', '2023-06-03 00:00:00', 3500000, 8, 10, 350000, 2023, 10, 2023, True, NULL, '', '2023-09-06 08:51:53', '', '2023-09-06 08:51:53', 350000, 3150000),
('e601127d-6ff3-48a7-ba99-b81cb436f6c6', 'TS00099', 'Dell XPS 13', NULL, NULL, NULL, '142cb08f-7c31-21fa-8e90-67245e8b283e', 'TK', 'Phòng thư ký', '148ed882-32b8-218e-9c20-39c2f00615e8', 'MTXT', 'Máy tính xách tay', '2023-06-03 00:00:00', '2022-07-19 00:00:00', 30000000, 10, 7.14, 2142000, 2023, 14, 2023, True, NULL, '', '2023-09-06 08:51:53', '', '2023-09-06 08:51:53', 2142000, 27858000),
('e62c36bc-e9fc-4bab-8eb0-7d1336c8da47', 'TS00006', 'Máy tính xách tay Lenovo ThinkPad', NULL, NULL, NULL, '4e272fc4-7875-78d6-7d32-6a1673ffca7c', 'QL', 'Phòng quản lý', '148ed882-32b8-218e-9c20-39c2f00615e8', 'MTXT', 'Máy tính xách tay', '2023-02-09 00:00:00', '2022-11-19 00:00:00', 22500000, 6, 11.11, 2499750, 2023, 9, 2023, True, NULL, '', '2023-09-06 08:51:53', '', '2023-09-06 08:51:53', 2499750, 20000250),
('e67fbb2e-b1a1-4d9e-aeae-216c76a56154', 'TS00178', 'Canon EOS Rebel SL3', NULL, NULL, NULL, '11452b0c-768e-5ff7-0d63-eeb1d8ed8cef', 'HCKT', 'Phòng hành chính kế toán', '354f1b13-17bf-1b52-87d5-ba100c6f7bce', 'MA', 'Máy ảnh', '2022-12-30 00:00:00', '2022-11-09 00:00:00', 18000000, 7, 10, 1800000, 2023, 10, 2022, True, NULL, '', '2023-09-06 08:51:53', '', '2023-09-06 08:51:53', 3600000, 14400000),
('e717f588-01c3-4673-8017-302506007365', 'TS00039', 'Máy ảnh Pentax K-3', NULL, NULL, NULL, '142cb08f-7c31-21fa-8e90-67245e8b283e', 'TK', 'Phòng thư ký', '354f1b13-17bf-1b52-87d5-ba100c6f7bce', 'MA', 'Máy ảnh', '2023-04-30 00:00:00', '2022-12-20 00:00:00', 27000000, 2, 6.67, 1800900, 2023, 15, 2023, True, NULL, '', '2023-09-06 08:51:53', '', '2023-09-06 08:51:53', 1800900, 25199100),
('e8514ef0-9db9-4864-98ca-a0243170523d', 'TS00068', 'SteelSeries Arctis 7', NULL, NULL, NULL, '4577565a-7e3e-493a-74dd-867949feb8b5', 'CSKH', 'Phòng chăm sóc khách hàng', '09cfb0c0-3625-11ee-a2e3-d45d64601179', 'TN', 'Tai nghe\r\n', '2022-06-21 00:00:00', '2022-04-17 00:00:00', 2000000, 4, 14.29, 285800, 2023, 7, 2022, True, NULL, '', '2023-09-06 08:51:53', '', '2023-09-06 08:51:53', 571600, 1428400),
('e95080d6-6273-4f7b-9f4f-8edf4a34c0cc', 'TS00240', 'HP 22" Monitor', NULL, NULL, NULL, '2bbbd485-6df2-536a-7e32-6a1673ffca7c', 'TCTH', 'Phòng tài chính tổng hợp', '3700cc49-55b5-69ea-4929-a2925c0f334d', 'MH', 'Màn hình', '2023-04-25 00:00:00', '2022-07-07 00:00:00', 3500000, 4, 25, 875000, 2023, 4, 2023, True, NULL, '', '2023-09-06 08:51:53', '', '2023-09-06 08:51:53', 875000, 2625000),
('eab50459-9a88-4947-820f-d4e5c64e1e52', 'TS00205', 'Logitech G502', NULL, NULL, NULL, '11452b0c-768e-5ff7-0d63-eeb1d8ed8cef', 'HCKT', 'Phòng hành chính kế toán', 'dd23336c-3624-11ee-a2e3-d45d64601179', 'CMT', 'Chuột máy tính\r\n', '2023-01-17 00:00:00', '2022-07-08 00:00:00', 1500000, 7, 7.69, 115350, 2023, 13, 2023, True, NULL, '', '2023-09-06 08:51:53', '', '2023-09-06 08:51:53', 115350, 1384650),
('eab66ac9-4e2f-462d-bd50-37de2d878617', 'TS00308', 'Google Pixel 7', NULL, NULL, NULL, '11452b0c-768e-5ff7-0d63-eeb1d8ed8cef', 'HCKT', 'Phòng hành chính kế toán', '25c6c36e-1668-7d10-6e09-bf1378b8dc91', 'ĐT', 'Điện thoại', '2022-12-29 00:00:00', '2022-09-24 00:00:00', 19500000, 2, 11.11, 2166450, 2023, 9, 2022, True, NULL, '', '2023-09-06 08:51:53', '', '2023-09-06 08:51:53', 4332900, 15167100),
('ec8ab958-a276-4357-bd27-7c526e6afac4', 'TS00037', 'Máy bàn MSI Trident', NULL, NULL, NULL, '17120d02-6ab5-3e43-18cb-66948daf6128', 'HR', 'Phòng nhân sự', '1b691e79-236d-5b5a-9d20-39c2f00615e8', 'MB', 'Máy bàn', '2023-05-23 00:00:00', '2023-01-22 00:00:00', 27000000, 7, 7.14, 1927800, 2023, 14, 2023, True, NULL, '', '2023-09-06 08:51:53', '', '2023-09-06 08:51:53', 1927800, 25072200),
('ecd36395-c8ce-4a05-8919-d564fb9ce4a6', 'TS00278', 'Dell Latitude', NULL, NULL, NULL, '11452b0c-768e-5ff7-0d63-eeb1d8ed8cef', 'HCKT', 'Phòng hành chính kế toán', '148ed882-32b8-218e-9c20-39c2f00615e8', 'MTXT', 'Máy tính xách tay', '2023-05-21 00:00:00', '2023-02-27 00:00:00', 19000000, 7, 10, 1900000, 2023, 10, 2023, True, NULL, '', '2023-09-06 08:51:53', '', '2023-09-06 08:51:53', 1900000, 17100000),
('ecfd2649-1d9e-41f3-8bd7-9574626c7e32', 'TS00044', 'Máy ảnh GoPro HERO9', NULL, NULL, NULL, '768f8e64-7d10-20c9-967d-e8c757976496', 'KT', 'Phòng kỹ thuật', '354f1b13-17bf-1b52-87d5-ba100c6f7bce', 'MA', 'Máy ảnh', '2022-06-11 00:00:00', '2022-01-02 00:00:00', 9000000, 10, 6.67, 600300, 2023, 15, 2022, True, NULL, '', '2023-09-06 08:51:53', '', '2023-09-06 08:51:53', 1200600, 7799400),
('ed10a2b0-e763-4c70-8fb5-130485932106', 'TS00347', 'Dell 28" Monitor', NULL, NULL, NULL, '469b3ece-744a-45d5-957d-e8c757976496', 'NC', 'Phòng nghiên cứu', '3700cc49-55b5-69ea-4929-a2925c0f334d', 'MH', 'Màn hình', '2022-12-23 00:00:00', '2022-10-10 00:00:00', 7600000, 1, 16.67, 1266920, 2023, 6, 2022, True, NULL, '', '2023-09-06 08:51:53', '', '2023-09-06 08:51:53', 2533840, 5066160),
('ee809028-d1cd-458b-8c96-e5c914bbe620', 'TS00118', 'Razer Huntsman', NULL, NULL, NULL, '4577565a-7e3e-493a-74dd-867949feb8b5', 'CSKH', 'Phòng chăm sóc khách hàng', 'fa18577f-3624-11ee-a2e3-d45d64601179', 'BP', 'Bàn phím', '2023-07-18 00:00:00', '2023-06-16 00:00:00', 2000000, 4, 14.29, 285800, 2023, 7, 2023, True, NULL, '', '2023-09-06 08:51:53', '', '2023-09-06 08:51:53', 285800, 1714200),
('ef13392d-ef36-4374-babf-7b7e97bcf09f', 'TS00215', 'Canon PIXMA MG2522', NULL, NULL, NULL, '7686595d-16d5-33b3-0080-e8e2a817c80e', 'CNTT', 'Phòng công nghệ thông tin', '3e9ce051-3625-11ee-a2e3-d45d64601179', 'MI', 'Máy in', '2022-09-13 00:00:00', '2022-02-24 00:00:00', 1000000, 1, 10, 100000, 2023, 10, 2022, True, NULL, '', '2023-09-06 08:51:53', '', '2023-09-06 08:51:53', 200000, 800000),
('efb6d90f-e26b-458e-8af1-888d99bd609b', 'TS00165', 'Microsoft Surface Laptop', NULL, NULL, NULL, '7686595d-16d5-33b3-0080-e8e2a817c80e', 'CNTT', 'Phòng công nghệ thông tin', '148ed882-32b8-218e-9c20-39c2f00615e8', 'MTXT', 'Máy tính xách tay', '2023-03-10 00:00:00', '2022-08-04 00:00:00', 22000000, 1, 10, 2200000, 2023, 10, 2023, True, NULL, '', '2023-09-06 08:51:53', '', '2023-09-06 08:51:53', 2200000, 19800000),
('f00c8b5c-79d4-4c10-8e3d-0766e1283751', 'TS00038', 'Điện thoại Sony Xperia 5', NULL, NULL, NULL, '469b3ece-744a-45d5-957d-e8c757976496', 'NC', 'Phòng nghiên cứu', '25c6c36e-1668-7d10-6e09-bf1378b8dc91', 'ĐT', 'Điện thoại', '2022-11-01 00:00:00', '2022-06-28 00:00:00', 13500000, 1, 8.33, 1124550, 2023, 12, 2022, True, NULL, '', '2023-09-06 08:51:53', '', '2023-09-06 08:51:53', 2249100, 11250900),
('f01699de-abc4-4867-a136-cec838bf58af', 'TS00281', 'Epson WorkForce Pro WF-4830', NULL, NULL, NULL, '469b3ece-744a-45d5-957d-e8c757976496', 'NC', 'Phòng nghiên cứu', '3e9ce051-3625-11ee-a2e3-d45d64601179', 'MI', 'Máy in', '2023-05-20 00:00:00', '2022-01-26 00:00:00', 13000000, 7, 7.69, 999700, 2023, 13, 2023, True, NULL, '', '2023-09-06 08:51:53', '', '2023-09-06 08:51:53', 999700, 12000300),
('f14663e7-eee0-41f9-8994-7909eb5b5bf8', 'TS00358', 'Xerox Phaser 3270', NULL, NULL, NULL, '11452b0c-768e-5ff7-0d63-eeb1d8ed8cef', 'HCKT', 'Phòng hành chính kế toán', '3e9ce051-3625-11ee-a2e3-d45d64601179', 'MI', 'Máy in', '2023-04-09 00:00:00', '2022-10-01 00:00:00', 10050000, 2, 11.11, 1116555, 2023, 9, 2023, True, NULL, '', '2023-09-06 08:51:53', '', '2023-09-06 08:51:53', 1116555, 8933445),
('f2584704-36ff-49fb-89e2-075cb3cbaca6', 'TS00187', 'Sony WH-XB910N', NULL, NULL, NULL, '17120d02-6ab5-3e43-18cb-66948daf6128', 'HR', 'Phòng nhân sự', '09cfb0c0-3625-11ee-a2e3-d45d64601179', 'TN', 'Tai nghe\r\n', '2023-03-14 00:00:00', '2022-10-02 00:00:00', 3500000, 7, 7.14, 249900, 2023, 14, 2023, True, NULL, '', '2023-09-06 08:51:53', '', '2023-09-06 08:51:53', 249900, 3250100),
('f2d3f292-9152-4f15-bf1b-120951739ac5', 'TS00262', 'Fujifilm GFX 50R', NULL, NULL, NULL, '11452b0c-768e-5ff7-0d63-eeb1d8ed8cef', 'HCKT', 'Phòng hành chính kế toán', '354f1b13-17bf-1b52-87d5-ba100c6f7bce', 'MA', 'Máy ảnh', '2023-07-22 00:00:00', '2023-06-14 00:00:00', 40000000, 2, 25, 10000000, 2023, 4, 2023, True, NULL, '', '2023-09-06 08:51:53', '', '2023-09-06 08:51:53', 10000000, 30000000),
('f304dd68-e524-4cc3-baea-2fabe332348c', 'TS00181', 'Logitech G915 TKL', NULL, NULL, NULL, '469b3ece-744a-45d5-957d-e8c757976496', 'NC', 'Phòng nghiên cứu', 'fa18577f-3624-11ee-a2e3-d45d64601179', 'BP', 'Bàn phím', '2022-06-27 00:00:00', '2022-01-12 00:00:00', 2500000, 7, 7.69, 192250, 2023, 13, 2022, True, NULL, '', '2023-09-06 08:51:53', '', '2023-09-06 08:51:53', 384500, 2115500),
('f32468b7-d896-41ae-abd9-6688264c5f02', 'TS00260', 'HP EliteBook', NULL, NULL, NULL, '17120d02-6ab5-3e43-18cb-66948daf6128', 'HR', 'Phòng nhân sự', '148ed882-32b8-218e-9c20-39c2f00615e8', 'MTXT', 'Máy tính xách tay', '2023-07-28 00:00:00', '2022-01-02 00:00:00', 21000000, 4, 12.5, 2625000, 2023, 8, 2023, True, NULL, '', '2023-09-06 08:51:53', '', '2023-09-06 08:51:53', 2625000, 18375000),
('f46cf273-edc5-4d18-8b4e-c5fd7908d564', 'TS00094', 'Toshiba Satellite Pro', NULL, NULL, NULL, '768f8e64-7d10-20c9-967d-e8c757976496', 'KT', 'Phòng kỹ thuật', '148ed882-32b8-218e-9c20-39c2f00615e8', 'MTXT', 'Máy tính xách tay', '2023-07-11 00:00:00', '2023-06-23 00:00:00', 8000000, 10, 6.67, 533600, 2023, 15, 2023, True, NULL, '', '2023-09-06 08:51:53', '', '2023-09-06 08:51:53', 533600, 7466400),
('f4f1131e-7d00-4075-b183-ce45165aae80', 'TS00357', 'Sony Alpha a6500', NULL, NULL, NULL, '142cb08f-7c31-21fa-8e90-67245e8b283e', 'TK', 'Phòng thư ký', '354f1b13-17bf-1b52-87d5-ba100c6f7bce', 'MA', 'Máy ảnh', '2023-02-13 00:00:00', '2022-08-26 00:00:00', 24500000, 3, 7.14, 1749300, 2023, 14, 2023, True, NULL, '', '2023-09-06 08:51:53', '', '2023-09-06 08:51:53', 1749300, 22750700),
('f67c6ef0-da52-40b5-81f6-16a5f155b248', 'TS00270', 'Samsung 28" Monitor', NULL, NULL, NULL, '142cb08f-7c31-21fa-8e90-67245e8b283e', 'TK', 'Phòng thư ký', '3700cc49-55b5-69ea-4929-a2925c0f334d', 'MH', 'Màn hình', '2023-01-03 00:00:00', '2022-07-07 00:00:00', 8500000, 4, 16.67, 1416950, 2023, 6, 2023, True, NULL, '', '2023-09-06 08:51:53', '', '2023-09-06 08:51:53', 1416950, 7083050),
('f6f22323-80c8-4139-8974-a77c9fabaea4', 'TS00310', 'Epson EcoTank L3160', NULL, NULL, NULL, '17120d02-6ab5-3e43-18cb-66948daf6128', 'HR', 'Phòng nhân sự', '3e9ce051-3625-11ee-a2e3-d45d64601179', 'MI', 'Máy in', '2023-01-24 00:00:00', '2022-12-16 00:00:00', 3050000, 4, 12.5, 381250, 2023, 8, 2023, True, NULL, '', '2023-09-06 08:51:53', '', '2023-09-06 08:51:53', 381250, 2668750),
('f818ad94-3bff-4799-9836-625afcf8bc36', 'TS00175', 'HP OfficeJet 3830', NULL, NULL, NULL, '7686595d-16d5-33b3-0080-e8e2a817c80e', 'CNTT', 'Phòng công nghệ thông tin', '3e9ce051-3625-11ee-a2e3-d45d64601179', 'MI', 'Máy in', '2023-05-25 00:00:00', '2023-05-12 00:00:00', 1800000, 6, 9.09, 163620, 2023, 11, 2023, True, NULL, '', '2023-09-06 08:51:53', '', '2023-09-06 08:51:53', 163620, 1636380),
('f8e1d6f5-8397-479e-8bb6-14e6156fe8b0', 'TS00329', 'HP 23" Monitor', NULL, NULL, NULL, '59d19422-6657-452e-a7db-e5d54223c257', 'KDTT', 'Phòng kinh doanh và tiếp thị', '3700cc49-55b5-69ea-4929-a2925c0f334d', 'MH', 'Màn hình', '2023-05-14 00:00:00', '2022-01-21 00:00:00', 3600000, 8, 6.67, 240120, 2023, 15, 2023, True, NULL, '', '2023-09-06 08:51:53', '', '2023-09-06 08:51:53', 240120, 3359880),
('fa43b6bb-44b6-4707-90eb-6905450b5ff9', 'TS00070', 'Xiaomi Redmi Note 10', NULL, NULL, NULL, '142cb08f-7c31-21fa-8e90-67245e8b283e', 'TK', 'Phòng thư ký', '25c6c36e-1668-7d10-6e09-bf1378b8dc91', 'ĐT', 'Điện thoại', '2023-06-05 00:00:00', '2023-03-02 00:00:00', 4500000, 4, 16.67, 750150, 2023, 6, 2023, True, NULL, '', '2023-09-06 08:51:53', '', '2023-09-06 08:51:53', 750150, 3749850),
('fa55e650-2082-4877-a760-75c46b9fc725', 'TS00282', 'BenQ 32" Monitor', NULL, NULL, NULL, '7686595d-16d5-33b3-0080-e8e2a817c80e', 'CNTT', 'Phòng công nghệ thông tin', '3700cc49-55b5-69ea-4929-a2925c0f334d', 'MH', 'Màn hình', '2023-06-09 00:00:00', '2022-02-09 00:00:00', 9500000, 6, 6.67, 633650, 2023, 15, 2023, True, NULL, '', '2023-09-06 08:51:53', '', '2023-09-06 08:51:53', 633650, 8866350),
('fac74da8-80f9-4e82-b9e0-71b30216e00c', 'TS00171', 'Apple iMac', NULL, NULL, NULL, '2bbbd485-6df2-536a-7e32-6a1673ffca7c', 'TCTH', 'Phòng tài chính tổng hợp', '1b691e79-236d-5b5a-9d20-39c2f00615e8', 'MB', 'Máy bàn', '2023-05-23 00:00:00', '2022-01-30 00:00:00', 90000005, 9, 10, 9000001, 2023, 10, 2023, True, NULL, '', '2023-09-06 08:51:53', '', '2023-09-06 15:33:42', 9000001, 81000005),
('fad9ba22-d878-4a2d-b829-c626d54a4245', 'TS00055', 'Logitech Wireless Mouse', NULL, NULL, NULL, '11452b0c-768e-5ff7-0d63-eeb1d8ed8cef', 'HCKT', 'Phòng hành chính kế toán', 'dd23336c-3624-11ee-a2e3-d45d64601179', 'CMT', 'Chuột máy tính\r\n', '2022-11-23 00:00:00', '2022-10-30 00:00:00', 250000, 7, 7.69, 19225, 2023, 13, 2022, True, NULL, '', '2023-09-06 08:51:53', '', '2023-09-06 08:51:53', 38450, 211550),
('fb689f64-f6a4-420f-878f-68e5b1683348', 'TS00168', 'Razer Huntsman', NULL, NULL, NULL, '4577565a-7e3e-493a-74dd-867949feb8b5', 'CSKH', 'Phòng chăm sóc khách hàng', 'fa18577f-3624-11ee-a2e3-d45d64601179', 'BP', 'Bàn phím', '2023-07-25 00:00:00', '2023-07-06 00:00:00', 2000000, 4, 14.29, 285800, 2023, 7, 2023, True, NULL, '', '2023-09-06 08:51:53', '', '2023-09-06 08:51:53', 285800, 1714200),
('fc7f5435-0d87-456f-826c-125debeec484', 'TS00125', 'HP OfficeJet 3830', NULL, NULL, NULL, '7686595d-16d5-33b3-0080-e8e2a817c80e', 'CNTT', 'Phòng công nghệ thông tin', '3e9ce051-3625-11ee-a2e3-d45d64601179', 'MI', 'Máy in', '2022-11-24 00:00:00', '2022-09-04 00:00:00', 1800000, 6, 9.09, 163620, 2023, 11, 2022, True, NULL, '', '2023-09-06 08:51:53', '', '2023-09-06 08:51:53', 327240, 1472760),
('fe11d7e3-29e3-4abe-999a-d5f0c3a0f554', 'TS00251', 'Kyocera ECOSYS P2235dw', NULL, NULL, NULL, '11452b0c-768e-5ff7-0d63-eeb1d8ed8cef', 'HCKT', 'Phòng hành chính kế toán', '3e9ce051-3625-11ee-a2e3-d45d64601179', 'MI', 'Máy in', '2023-07-21 00:00:00', '2022-10-20 00:00:00', 8000000, 10, 9.09, 727200, 2023, 11, 2023, True, NULL, '', '2023-09-06 08:51:53', '', '2023-09-06 08:51:53', 727200, 7272800),
('ff1a79be-250b-478b-9f9f-41ed567c9ba9', 'TS00224', 'Apple MacBook Air', NULL, NULL, NULL, '4577565a-7e3e-493a-74dd-867949feb8b5', 'CSKH', 'Phòng chăm sóc khách hàng', '148ed882-32b8-218e-9c20-39c2f00615e8', 'MTXT', 'Máy tính xách tay', '2023-01-05 00:00:00', '2022-09-14 00:00:00', 25000000, 1, 8.33, 2082500, 2023, 12, 2023, True, NULL, '', '2023-09-06 08:51:53', '', '2023-09-06 08:51:53', 2082500, 22917500);

-- 
-- Dumping data for table asset_increase_voucher
--
INSERT INTO asset_increase_voucher VALUES
('0ee56c7a-b746-4fcb-a167-48dd5edb38a7', 'CT00008', '2023-09-06 15:24:13', '2023-09-06 15:24:13', 820482220, 'Chứng từ ghi tăng', '', '2023-09-06 15:30:00', '', '2023-09-13 09:18:00'),
('1f280aea-6d55-431f-86b5-8bfe8cf6be39', 'CT00004', '2023-09-06 17:31:55', '2023-09-06 17:31:55', 79000000, 'Testttttttttttt', '', '2023-09-06 10:32:05', '', '2023-09-13 09:18:21'),
('1f7892bd-dc6f-4595-92c8-2d004bed7cbf', 'CT00002', '2023-09-01 00:00:00', '2023-09-06 10:28:26', 46549999, 'Test chứng từ', '', '2023-09-06 10:28:53', '', '2023-09-13 09:18:43'),
('48dc7468-e05d-49cb-9811-a84e18d76747', 'ab12346scda', '2023-09-11 16:32:56', '2023-09-11 16:32:56', 26000000, 'Chứng từ tháng 9', '', '2023-09-11 16:33:50', '', '2023-09-13 09:17:50'),
('4aa78632-29b5-4d9c-b9e7-17a1d7ca15cd', 'CT0005', '2023-09-11 17:10:50', '2023-09-11 00:00:00', 12000000, 'Testttttt', '', '2023-09-11 17:19:34', '', '2023-09-11 17:19:34'),
('52e53938-461d-4c05-9d25-4258f118f55a', 'CT00003', '2023-09-06 10:31:55', '2023-09-06 10:31:55', 48900000, '1234567890', '', '2023-09-06 10:32:01', '', '2023-09-13 09:18:27'),
('7a499a98-b10e-4f9d-b2d4-934ed3e5e492', 'CT000011', '2023-09-13 11:16:15', '2023-09-13 11:16:15', 274350000, 'testttttttttt', '', '2023-09-13 11:16:29', '', '2023-09-13 11:16:29'),
('7bebaf4c-8f4c-431e-8c53-0c5cf4977131', 'ab12345cda', '2023-09-08 14:48:09', '2023-09-08 14:48:09', 19150000, '1231122  @1!!~', '', '2023-09-08 14:48:46', '', '2023-09-11 16:34:37'),
('89a864b7-1ccc-4bbb-ade4-276e43fbc7f8', 'ab12346cd', '2023-09-08 14:48:09', '2023-09-08 14:48:09', 18888888, '78', '', '2023-09-08 14:55:50', '', '2023-09-11 11:30:31'),
('ebd2b67d-aa83-4117-bc66-02626a460667', 'CT00001', '2023-09-06 08:50:44', '2023-09-06 08:50:44', 209686967, 'Chứng từ', '', '2023-09-06 08:52:41', '', '2023-09-13 09:18:34');

-- 
-- Dumping data for table user
--
INSERT INTO user VALUES
('e52e41ca-551a-11ee-a2a5-d45d64601179', 'test', '$2a$11$sCCnL.p0qOypa0SLrzcXI.4vlVGbmbqLNAe7BiWFcxm.gHgzMgVpS', 'Anh Hoang', 'test@gmail.com', '0123456789');

-- 
-- Dumping data for table budget_category
--
INSERT INTO budget_category VALUES
('0bba88cc-429f-11ee-9d33-d45d64601179', 'Ngân sách Tỉnh', 'NST'),
('0bba897a-429f-11ee-9d33-d45d64601179', 'Ngân sách Huyện', 'NSH'),
('0bba8995-429f-11ee-9d33-d45d64601179', 'Phí, lệ phí để lại', 'PLPDL'),
('0bba89ae-429f-11ee-9d33-d45d64601179', 'Nguồn viện trợ, tài trợ', 'NVTT'),
('0bba89c5-429f-11ee-9d33-d45d64601179', 'Nguồn khác', 'NK'),
('0bba89de-429f-11ee-9d33-d45d64601179', 'Ngân sách Xã', 'NSX'),
('0bba8a03-429f-11ee-9d33-d45d64601179', 'Quỹ phúc lợi', 'QPL'),
('3431f8ed-42ef-11ee-9d33-d45d64601179', 'Ngân sách Trung Ương', 'NSTU');

-- 
-- Dumping data for table auto_id
--
INSERT INTO auto_id VALUES
('asset_increase_voucher', 'CT', '', 12, 6),
('fixed_asset', 'TS', '', 501, 5);

-- 
-- Dumping data for table asset_increase_voucher_detail
--
INSERT INTO asset_increase_voucher_detail VALUES
('0b9425f6-b2b0-49d6-800c-65e357f17e8b', '0ee56c7a-b746-4fcb-a167-48dd5edb38a7', 'CT00008', '19e3b6f1-c6aa-4352-8f81-8717e012f4ef', 'TS00204', 'HP LaserJet Pro M404n', 'Phòng thư ký', 7000000.0000, 538300.0000, 6461700.0000),
('0baf0d7e-9fa5-4505-a8c3-54a05318c548', '0ee56c7a-b746-4fcb-a167-48dd5edb38a7', 'CT00008', '118b8ca1-f24e-43c0-b989-92a94f48fcfd', 'TS00042', 'Máy bàn Alienware Aurora', 'Phòng kinh doanh và tiếp thị', 45000000.0000, 3748500.0000, 41251500.0000),
('0e2f622f-041e-47ac-9e97-1b572f81453e', '7bebaf4c-8f4c-431e-8c53-0c5cf4977131', 'ab12345cda', '27f1090b-aca4-47a2-a94b-ac45b3b38ebf', 'TS00342', 'HyperX Pulsefire FPS Pro RGB', 'Phòng kinh doanh và tiếp thị', 1150000.0000, 95795.0000, 1054205.0000),
('0f8a0015-8a26-418e-ac4d-97d313e3da64', '0ee56c7a-b746-4fcb-a167-48dd5edb38a7', 'CT00008', '1866b7d3-862f-4efc-a385-36b05dba2c8e', 'TS00351', 'Olympus OM-D E-M5 Mark III', 'Phòng hành chính kế toán', 23000000.0000, 2090700.0000, 20909300.0000),
('106de6a7-ed7e-45dc-bb1d-166221a741eb', '1f7892bd-dc6f-4595-92c8-2d004bed7cbf', 'CT00002', '051efd3f-af14-4fb4-a08d-f37cef5baed4', 'TS00061', 'HP Pavilion Desktop', 'Phòng kỹ thuật', 12000000.0000, 856800.0000, 10286400.0000),
('15901e75-4477-4fc9-899f-9ffeee8488dd', '0ee56c7a-b746-4fcb-a167-48dd5edb38a7', 'CT00008', '0f8742f6-d1ae-41b7-9f71-dd39858ed18e', 'TS00107', 'Samsung Galaxy Note 20', 'Phòng thư ký', 23322220.0000, 1428000.0000, 18572000.0000),
('1b08a6b6-51a4-4fcd-82b4-58cc8f5954f0', '0ee56c7a-b746-4fcb-a167-48dd5edb38a7', 'CT00008', '0e31dd72-8c21-4653-91d2-927114c812de', 'TS00146', 'Bose SoundLink Color II', 'Phòng công nghệ thông tin', 2500000.0000, 227250.0000, 2272750.0000),
('20a69dfa-35a8-4275-991a-ae3f5bb73ab3', '0ee56c7a-b746-4fcb-a167-48dd5edb38a7', 'CT00008', '1fa62405-988d-4142-a1e5-7fa4bf4a21ba', 'TS00170', 'Sony A7R IV', 'Phòng thư ký', 70000000.0000, 11669000.0000, 58331000.0000),
('21268316-67bc-45b0-8958-7e544c2f8e7a', '0ee56c7a-b746-4fcb-a167-48dd5edb38a7', 'CT00008', '10d835c8-94b2-4dd2-957a-2ef95cce7e89', 'TS00299', 'HP DeskJet 2730', 'Phòng thư ký', 2050000.0000, 146370.0000, 1903630.0000),
('22879a93-670a-4fae-9aec-2cb3f2222b12', '7bebaf4c-8f4c-431e-8c53-0c5cf4977131', 'ab12345cda', '2c7b74bf-8f5b-48e3-8b2a-e0309c031b5a', 'TS00049', 'Máy ảnh Ricoh GR III', 'Phòng thư ký', 18000000.0000, 1285200.0000, 16714800.0000),
('29019c66-f687-44f6-9ffc-447dc381d8b9', '7a499a98-b10e-4f9d-b2d4-934ed3e5e492', 'CT000011', '26c655dc-243e-4a41-8ba4-92341629b1e8', 'TS00136', 'Dell G5 Gaming Desktop', 'Phòng công nghệ thông tin', 25000000.0000, 5000000.0000, 15000000.0000),
('2f239545-081d-4374-9132-8b59cfc8248b', '0ee56c7a-b746-4fcb-a167-48dd5edb38a7', 'CT00008', '24a43710-d7fd-4dbd-af36-0f0025370fca', 'TS00352', 'Epson WorkForce Pro WF-4840', 'Phòng nhân sự', 13500000.0000, 1929150.0000, 9641700.0000),
('30bcbba8-9204-4234-a6a6-a8c306ca9e92', '7a499a98-b10e-4f9d-b2d4-934ed3e5e492', 'CT000011', '2fc23872-fd22-4ff4-90e8-b6128be89124', 'TS00105', 'OnePlus Nord', 'Phòng hành chính kế toán', 8000000.0000, 615200.0000, 6769600.0000),
('31564d03-aff2-4649-bf2d-627be4b081a4', '7a499a98-b10e-4f9d-b2d4-934ed3e5e492', 'CT000011', '2be4c245-b929-4f0d-bc55-c9d0e9616515', 'TS00325', 'Dell XPS 14', 'Phòng công nghệ thông tin', 27500000.0000, 2499750.0000, 25000250.0000),
('347a42f5-4ae2-4f7f-a52c-5351bb6dba59', '1f280aea-6d55-431f-86b5-8bfe8cf6be39', 'CT00004', '09be0898-e2c9-4671-b2f8-1b4c32b50ae3', 'TS00121', 'Apple iMac', 'Phòng tài chính tổng hợp', 40000000.0000, 4000000.0000, 36000000.0000),
('34ce6796-7e1b-428a-b4af-94918745df4e', '0ee56c7a-b746-4fcb-a167-48dd5edb38a7', 'CT00008', '0ea8869b-9245-44eb-80b9-cb1769e34bcf', 'TS00119', 'Samsung Galaxy Buds Pro', 'Phòng công nghệ thông tin', 2500000.0000, 208250.0000, 2291750.0000),
('34f46e6d-c40d-4aee-90bc-0c2fa8a9f9b9', '1f280aea-6d55-431f-86b5-8bfe8cf6be39', 'CT00004', '0c7b0851-b3f8-4b21-8ff9-805090d2a7e8', 'TS00321', 'Panasonic Lumix GH6', 'Phòng tài chính tổng hợp', 26500000.0000, 2650000.0000, 23850000.0000),
('38440db9-f826-42ac-87fc-e9070c1079d2', '52e53938-461d-4c05-9d25-4258f118f55a', 'CT00003', '0d257749-d277-4bce-9300-f07908e347f4', 'TS00313', 'Apple MacBook Pro', 'Phòng thư ký', 25500000.0000, 2550000.0000, 22950000.0000),
('38b3472d-32ef-4a60-9f2a-d0fb75b4864c', '0ee56c7a-b746-4fcb-a167-48dd5edb38a7', 'CT00008', '0c6bdcef-cdc2-44ec-9e15-f02ca8a7a016', 'TS00155', 'OnePlus Nord', 'Phòng hành chính kế toán', 8000000.0000, 615200.0000, 7384800.0000),
('3e488e5d-f6fc-4625-9a86-a2a80dc1ee48', '7a499a98-b10e-4f9d-b2d4-934ed3e5e492', 'CT000011', '373646a6-f4e5-4e88-ab29-4260c8ad0b02', 'TS00123', 'Canon EOS M50', 'Phòng kinh doanh và tiếp thị', 16000000.0000, 1454400.0000, 14545600.0000),
('40c84d33-3182-4bbe-a4e7-9db18ece6e9a', '7a499a98-b10e-4f9d-b2d4-934ed3e5e492', 'CT000011', '304c2dcd-ca1b-43c5-9770-c62e33568042', 'TS00285', 'Motorola Edge', 'Phòng kỹ thuật', 12000000.0000, 2400000.0000, 7200000.0000),
('413667d9-bfd0-4f7b-bd24-4891a4a96db0', '0ee56c7a-b746-4fcb-a167-48dd5edb38a7', 'CT00008', '22513539-1974-4f5b-a1d2-11c40407c5fd', 'TS00072', 'Bose QuietComfort 35', 'Phòng kỹ thuật', 5000000.0000, 833500.0000, 4166500.0000),
('413cea93-2cd2-4f94-8776-1bf395b5cc5d', '0ee56c7a-b746-4fcb-a167-48dd5edb38a7', 'CT00008', '1b2e9b9f-d3c7-4caa-afb1-974de3e039c6', 'TS00201', 'Dell Inspiron 15', 'Phòng hành chính kế toán', 16000000.0000, 1454400.0000, 14545600.0000),
('4268bd9d-85f2-49a7-ae5d-4cbdf45cddbe', 'ebd2b67d-aa83-4117-bc66-02626a460667', 'CT00001', '0bfb3cef-082d-42c4-9f45-1d6c669eb6d1', 'TS00014', 'Máy ảnh Sony Alpha A7', 'Phòng kỹ thuật', 45000000.0000, 4500000.0000, 40500000.0000),
('42b6215c-f27a-4af1-9093-19f058d0a2d0', '0ee56c7a-b746-4fcb-a167-48dd5edb38a7', 'CT00008', '03aaff5e-73c8-4fde-a183-7af604ef0625', 'TS00385', 'Google Pixel 8', 'Phòng kỹ thuật', 20000000.0000, 4000000.0000, 16000000.0000),
('45a141b5-a04b-440a-a969-821650250cb9', '1f280aea-6d55-431f-86b5-8bfe8cf6be39', 'CT00004', '0492d916-5f5e-466a-ab60-addf4841916d', 'TS00362', 'Motorola Edge Plus', 'Phòng hành chính kế toán', 12500000.0000, 3125000.0000, 6250000.0000),
('45bff009-6a7d-4620-95db-df8677231615', '0ee56c7a-b746-4fcb-a167-48dd5edb38a7', 'CT00008', '24a326c1-5722-45d4-9dfb-6f61604d3973', 'TS00320', 'OnePlus 10', 'Phòng thư ký', 21500000.0000, 3584050.0000, 17915950.0000),
('48913d4b-01b5-49c2-a422-b5ecbac9e5e4', '7a499a98-b10e-4f9d-b2d4-934ed3e5e492', 'CT000011', '268f8b87-4414-4751-add2-55f95a7dcd6c', 'TS00138', 'Logitech MX Master 3', 'Phòng nghiên cứu', 1500000.0000, 124950.0000, 1375050.0000),
('49d03996-5bdb-491e-91db-73052ef04e12', '0ee56c7a-b746-4fcb-a167-48dd5edb38a7', 'CT00008', '1e87d311-0e98-4252-a0f6-b1cfa2af010e', 'TS00195', 'Nikon D6', 'Phòng quản lý', 120000000.0000, 9996000.0000, 110004000.0000),
('4b3cd631-215c-4f5e-b202-415302553473', '0ee56c7a-b746-4fcb-a167-48dd5edb38a7', 'CT00008', '22d5b2b8-39f3-47d2-8237-947aa7381763', 'TS00369', 'Canon EOS 7D', 'Phòng công nghệ thông tin', 48000000.0000, 3998400.0000, 44001600.0000),
('4eed2682-0ea2-4250-a930-7132a8f9f88f', '7a499a98-b10e-4f9d-b2d4-934ed3e5e492', 'CT000011', '319eb22e-a8c6-47ec-8e77-1a408962eea7', 'TS00314', 'Samsung Galaxy Note 21', 'Phòng kỹ thuật', 24500000.0000, 2450000.0000, 22050000.0000),
('50e45018-1e90-48fe-9931-a6ebd1c9488d', '0ee56c7a-b746-4fcb-a167-48dd5edb38a7', 'CT00008', '1d8f6121-f847-4c2f-8af7-89e92e272ffe', 'TS00303', 'Sony WH-1000XM5', 'Phòng kỹ thuật', 3550000.0000, 591785.0000, 2958215.0000),
('544e6a56-b154-4c26-b691-c83041828bee', '0ee56c7a-b746-4fcb-a167-48dd5edb38a7', 'CT00008', '1578561a-37b1-4397-aa96-da6665f627c1', 'TS00248', 'Acer Aspire 5', 'Phòng công nghệ thông tin', 14000000.0000, 999600.0000, 13000400.0000),
('56bbc61a-6c84-40a3-a5a0-85d47a72481c', '0ee56c7a-b746-4fcb-a167-48dd5edb38a7', 'CT00008', '1ce19e39-81ad-4ca2-87b6-bf03b24a7044', 'TS00390', 'Apple MacBook Pro 13', 'Phòng tài chính tổng hợp', 26000000.0000, 6500000.0000, 19500000.0000),
('586081f1-058f-4f8c-96ca-ca479242ff90', '0ee56c7a-b746-4fcb-a167-48dd5edb38a7', 'CT00008', '02d214be-addc-4e7f-8a85-22c19a57d4e6', 'TS00095', 'Xiaomi Redmi Note 10', 'Phòng quản lý', 4500000.0000, 374850.0000, 4125150.0000),
('5beef6c7-51a8-44d5-ae25-eeef3077881f', 'ebd2b67d-aa83-4117-bc66-02626a460667', 'CT00001', '030ef1b0-2065-4fbb-b782-b7ce648c727b', 'TS00154', 'Nikon Z6', 'Phòng thư ký', 40787979.0000, 3076000.0000, 33848000.0000),
('640a2598-7d41-43e0-abb0-8c85f126a893', '7a499a98-b10e-4f9d-b2d4-934ed3e5e492', 'CT000011', '2680d17f-b4b3-4e38-8498-801b97b183df', 'TS00075', 'HP LaserJet Pro', 'Phòng công nghệ thông tin', 2000000.0000, 181800.0000, 1818200.0000),
('66f0a737-8476-4e69-acac-f22186cd9b9e', '7a499a98-b10e-4f9d-b2d4-934ed3e5e492', 'CT000011', '2fd72b3b-732a-492d-b51f-b0070a298772', 'TS00159', 'Asus ROG Strix G15', 'Phòng công nghệ thông tin', 18000000.0000, 1636200.0000, 14727600.0000),
('6ac2b7d1-2742-46bc-ba68-94ea3279eaf5', '7a499a98-b10e-4f9d-b2d4-934ed3e5e492', 'CT000011', '2e8b7d30-01e1-4bc5-9607-e46a618a3b9b', 'TS00071', 'Apple MacBook Air', 'Phòng tài chính tổng hợp', 25000000.0000, 2500000.0000, 20000000.0000),
('6eb3bcb5-f783-4478-bfd9-c0b0f324c96f', '89a864b7-1ccc-4bbb-ade4-276e43fbc7f8', 'ab12346cd', '27ec0d53-57bb-4a41-8a56-1c2397d6af15', 'TS00081', 'Samsung Galaxy S21', 'Phòng nghiên cứu', 18000000.0000, 1384200.0000, 16615800.0000),
('70412921-9085-441e-8d1e-d589f706a3f2', '7a499a98-b10e-4f9d-b2d4-934ed3e5e492', 'CT000011', '3805f859-9680-4e9d-996e-c4c590aaaf69', 'TS00384', 'HP Pavilion 3', 'Phòng nhân sự', 16000000.0000, 1777600.0000, 14222400.0000),
('718ad6d7-51b4-4ed8-a7d6-77f42ce6eeeb', '0ee56c7a-b746-4fcb-a167-48dd5edb38a7', 'CT00008', '15cc78ca-402a-4b73-a5e5-ea59ad1b5f9c', 'TS00272', 'MacBook Pro', 'Phòng kỹ thuật', 30000000.0000, 5001000.0000, 24999000.0000),
('7546f299-6e34-471b-b658-fb06a0e93aa2', '7a499a98-b10e-4f9d-b2d4-934ed3e5e492', 'CT000011', '268a0267-9a7b-4ab8-b923-c2e8704462f1', 'TS00366', 'Logitech G904', 'Phòng kỹ thuật', 2100000.0000, 190890.0000, 1718220.0000),
('791c7bf9-f154-4ee4-a08e-9f7079395c74', '0ee56c7a-b746-4fcb-a167-48dd5edb38a7', 'CT00008', '14f3c6c6-48f4-4868-a58a-12c9999b6e92', 'TS00279', 'OnePlus 8T', 'Phòng kinh doanh và tiếp thị', 13000000.0000, 867100.0000, 12132900.0000),
('79e1f2a7-7509-4bc2-bfd8-ef995a4adcd7', '89a864b7-1ccc-4bbb-ade4-276e43fbc7f8', 'ab12346cd', '2a3945dc-b474-4a26-b1d3-699d46a4a313', 'TS00034', 'Máy ảnh Leica Q2', 'Phòng nhân sự', 888888.0000, 111100.0000, 777799.0000),
('7a8c800c-d8d1-487a-8cac-8502c87239c9', '7a499a98-b10e-4f9d-b2d4-934ed3e5e492', 'CT000011', '337a5f5d-fba3-421d-9844-1f7936a83ade', 'TS00249', 'Xiaomi Mi 11', 'Phòng thư ký', 17000000.0000, 1213800.0000, 14572400.0000),
('8174f637-5d00-4b36-b698-14a93f34eedf', '48dc7468-e05d-49cb-9811-a84e18d76747', 'ab12346scda', '2f218525-3f81-438e-83fb-52fabc953c17', 'TS00232', 'Panasonic Lumix GH5', 'Phòng công nghệ thông tin', 26000000.0000, 1734200.0000, 22531600.0000),
('84fab84a-8fc1-44da-b3fc-ba74809b146d', '0ee56c7a-b746-4fcb-a167-48dd5edb38a7', 'CT00008', '23080461-2bfe-4444-b117-0fa4403d1f52', 'TS00066', 'Samsung 24 Monitor', 'Phòng kỹ thuật', 2500000.0000, 227250.0000, 2272750.0000),
('8835e706-3c8a-44de-9570-8fdd171c3c1f', '0ee56c7a-b746-4fcb-a167-48dd5edb38a7', 'CT00008', '1a8244a4-bb35-485b-a993-37a22a3977e1', 'TS00179', 'Dell Alienware m15', 'Phòng kinh doanh và tiếp thị', 35000000.0000, 2334500.0000, 30331000.0000),
('951b9874-c4f1-49e9-a366-cb73215f1040', '0ee56c7a-b746-4fcb-a167-48dd5edb38a7', 'CT00008', '1f5b1928-da4f-4944-bf5c-8118b2ec50da', 'TS00053', 'Canon EOS 700D', 'Phòng kỹ thuật', 12000000.0000, 2000400.0000, 9999600.0000),
('9cd81f5e-d786-4e00-a172-f26564a03849', '0ee56c7a-b746-4fcb-a167-48dd5edb38a7', 'CT00008', '19b98d84-7ca2-406f-9c57-2d826cff7963', 'TS00287', 'Canon MAXIFY MB2720', 'Phòng nhân sự', 14000000.0000, 999600.0000, 12000800.0000),
('9ed5f9a9-82d6-40eb-b551-2941462ce35e', '0ee56c7a-b746-4fcb-a167-48dd5edb38a7', 'CT00008', '1b26d48b-03cd-472a-bc8f-a9af672d698c', 'TS00102', 'Logitech G502', 'Phòng nhân sự', 1200000.0000, 171480.0000, 1028520.0000),
('a7fc15b9-88a7-4ff9-8b21-3c91667c2c65', '0ee56c7a-b746-4fcb-a167-48dd5edb38a7', 'CT00008', '24d2b3b3-e89c-4f3e-95f1-a3884a40dfae', 'TS00157', 'Samsung Galaxy Note 20', 'Phòng thư ký', 20000000.0000, 1428000.0000, 18572000.0000),
('abab5d86-1af1-449e-bdf7-715a3fdec402', '7a499a98-b10e-4f9d-b2d4-934ed3e5e492', 'CT000011', '33a073ae-0e9e-46fa-9daa-26c37463fc60', 'TS00276', 'Acer 28" Monitor', 'Phòng kỹ thuật', 9000000.0000, 600300.0000, 8399700.0000),
('ac84f536-b9d8-4ba4-8061-ce8052803e16', '0ee56c7a-b746-4fcb-a167-48dd5edb38a7', 'CT00008', '23dcec68-265b-4501-90fc-8bcf55e9a718', 'TS00208', 'Samsung Galaxy S21', 'Phòng hành chính kế toán', 22000000.0000, 2444200.0000, 19555800.0000),
('ad3bfbe3-595a-47d0-a329-3399964abf6b', '0ee56c7a-b746-4fcb-a167-48dd5edb38a7', 'CT00008', '129b91b2-85bd-45c4-b162-378df5a83e04', 'TS00209', 'Nikon D3500', 'Phòng công nghệ thông tin', 14000000.0000, 1272600.0000, 12727400.0000),
('b072de15-6da1-4488-860e-e757ba67eaab', '0ee56c7a-b746-4fcb-a167-48dd5edb38a7', 'CT00008', '09aaad98-374b-4a7b-bad7-58ca64f2c08d', 'TS00025', 'Màn hình Acer 27"', 'Phòng công nghệ thông tin', 6750000.0000, 613575.0000, 6136425.0000),
('b0f02be5-405e-494f-a48c-bf9c8c5ea1d1', '7a499a98-b10e-4f9d-b2d4-934ed3e5e492', 'CT000011', '32091cc1-b790-4931-9204-d513b7654fd5', 'TS00024', 'Máy ảnh Panasonic Lumix S5', 'Phòng chăm sóc khách hàng', 31500000.0000, 2623950.0000, 28876050.0000),
('b4747ac3-fe3d-4357-9070-e4820d51f4fb', '0ee56c7a-b746-4fcb-a167-48dd5edb38a7', 'CT00008', '23e68a89-1bdb-471f-a52b-77e6446013cb', 'TS00398', 'Panasonic Lumix GH7', 'Phòng công nghệ thông tin', 27000000.0000, 1927800.0000, 25072200.0000),
('b69b9a2e-90c8-407b-bc96-9681a9d43651', '0ee56c7a-b746-4fcb-a167-48dd5edb38a7', 'CT00008', '18591f04-1827-4cc0-9b10-ebad24d420b0', 'TS00078', 'Canon EOS 700D', 'Phòng hành chính kế toán', 12000000.0000, 1200000.0000, 10800000.0000),
('b7ee46a8-e317-4f0c-b035-5ae8e77705ed', '7a499a98-b10e-4f9d-b2d4-934ed3e5e492', 'CT000011', '378f4c63-deda-4cf5-bd92-e3c8bba77985', 'TS00289', 'Logitech G903', 'Phòng thư ký', 2000000.0000, 133400.0000, 1866600.0000),
('b8d7cdd1-626e-4c96-a88b-b818297548cd', '4aa78632-29b5-4d9c-b9e7-17a1d7ca15cd', 'CT0005', '2d0745e6-1126-4dfd-a048-d8238aab3ffd', 'TS00032', 'Máy bàn HP EliteDesk', 'Phòng công nghệ thông tin', 12000000.0000, 800400.0000, 11199600.0000),
('bac1dbe7-9c3b-4fe4-b5b3-4893d1a6b9af', '7a499a98-b10e-4f9d-b2d4-934ed3e5e492', 'CT000011', '36b637c9-a251-41e1-9893-1d9d9eea5200', 'TS00090', 'Razer DeathAdder', 'Phòng tài chính tổng hợp', 500000.0000, 125000.0000, 375000.0000),
('bf6648e8-ad61-488f-9362-179889a8cda6', '0ee56c7a-b746-4fcb-a167-48dd5edb38a7', 'CT00008', '21120c27-84e2-492b-b3e3-80e696ad3165', 'TS00127', 'Microsoft Surface Book', 'Phòng nghiên cứu', 28000000.0000, 4667600.0000, 18664800.0000),
('bff4c056-8f5e-4905-91e4-de4fddfa95bd', '0ee56c7a-b746-4fcb-a167-48dd5edb38a7', 'CT00008', '21b17e12-9abd-4710-af96-2fb8aef3209d', 'TS00239', 'Samsung Xpress M2020W', 'Phòng thư ký', 6000000.0000, 400200.0000, 5599800.0000),
('c1facc33-f741-44ad-88aa-e08e33004cab', '0ee56c7a-b746-4fcb-a167-48dd5edb38a7', 'CT00008', '0f3d324d-349c-4343-a04f-5d132dd616bd', 'TS00164', 'Logitech G Pro Wireless', 'Phòng kỹ thuật', 1500000.0000, 150000.0000, 1350000.0000),
('c539dc8c-0d3c-4ec3-9b47-8a8ac78c70cb', '7a499a98-b10e-4f9d-b2d4-934ed3e5e492', 'CT000011', '2cc8b3d3-4c11-4e68-bbb8-2b3444f501e6', 'TS00116', 'Nikon D5600', 'Phòng kỹ thuật', 15000000.0000, 1363500.0000, 13636500.0000),
('c8ea3d68-7f8a-4be0-9a8d-fab10c89e1b8', '0ee56c7a-b746-4fcb-a167-48dd5edb38a7', 'CT00008', '160b6c3f-bb8a-4e82-902d-c0902a703a35', 'TS00318', 'Corsair Harpoon RGB', 'Phòng chăm sóc khách hàng', 910000.0000, 130039.0000, 779961.0000),
('c8f64c27-f1a6-4f7d-9c7f-326babf8a3b4', 'ebd2b67d-aa83-4117-bc66-02626a460667', 'CT00001', '025e4104-5513-4dca-8b97-f61d82b9e0b6', 'TS00269', 'Brother MFC-L2750DW', 'Phòng công nghệ thông tin', 11000000.0000, 916300.0000, 9167400.0000),
('cad4cc25-5577-448b-9077-377a24700bc3', '52e53938-461d-4c05-9d25-4258f118f55a', 'CT00003', '0347c137-457e-435e-9fcd-58cfef874265', 'TS00015', 'Màn hình Dell 24"', 'Phòng công nghệ thông tin', 5400000.0000, 540000.0000, 4860000.0000),
('cd488521-50b1-4d7b-acb9-95a05c27a65f', '0ee56c7a-b746-4fcb-a167-48dd5edb38a7', 'CT00008', '25a6e7a7-0c40-4cf3-83ea-6821892788de', 'TS00372', 'Samsung 26" Monitor', 'Phòng kỹ thuật', 4200000.0000, 700140.0000, 2799720.0000),
('d031afeb-3606-4329-91ed-9809756193fc', '0ee56c7a-b746-4fcb-a167-48dd5edb38a7', 'CT00008', '20d24a96-46b4-4e91-bbe0-436852aec1ad', 'TS00389', 'Apple Magic Mouse 3', 'Phòng thư ký', 2100000.0000, 140070.0000, 1959930.0000),
('d20688e1-f8f3-41e4-8f8c-ad057d416607', '1f7892bd-dc6f-4595-92c8-2d004bed7cbf', 'CT00002', '0433b233-2dd7-4b40-ba2a-d52dce5f7bd4', 'TS00374', 'Samsung Galaxy S23', 'Phòng chăm sóc khách hàng', 32999999.0000, 1915900.0000, 19168200.0000),
('d4de9978-73bd-4e40-a51a-efc788eed95a', '0ee56c7a-b746-4fcb-a167-48dd5edb38a7', 'CT00008', '13872490-f43b-45e1-aece-f6511ee77572', 'TS00223', 'Apple Magic Mouse', 'Phòng kinh doanh và tiếp thị', 2000000.0000, 181800.0000, 1818200.0000),
('d6d17af0-1346-42a7-abf4-993f70011bd4', '0ee56c7a-b746-4fcb-a167-48dd5edb38a7', 'CT00008', '1c024698-639b-4aee-8cac-8cfe113bfb4b', 'TS00259', 'Corsair Dark Core RGB', 'Phòng công nghệ thông tin', 1800000.0000, 163620.0000, 1472760.0000),
('d9d2fceb-84a0-48ac-9443-c7ec4bf7b409', '1f7892bd-dc6f-4595-92c8-2d004bed7cbf', 'CT00002', '04a56a37-f7c6-40f5-bbe9-fa86597c9c2e', 'TS00354', 'SteelSeries Sensei Eleven', 'Phòng thư ký', 1550000.0000, 119195.0000, 1430805.0000),
('daf76262-98d0-484c-8d31-c8881c3a795d', 'ebd2b67d-aa83-4117-bc66-02626a460667', 'CT00001', '01427116-0fcc-4ba2-885f-30ec5369a5af', 'TS00117', 'OnePlus 9', 'Phòng tài chính tổng hợp', 112898988.0000, 1555400.0000, 12444600.0000),
('dd26ce77-a44e-459e-a735-b9837f85d35c', '0ee56c7a-b746-4fcb-a167-48dd5edb38a7', 'CT00008', '139c1661-8701-40e9-8028-e04f44593ba1', 'TS00211', 'Acer 27" Monitor', 'Phòng kỹ thuật', 5000000.0000, 357000.0000, 4643000.0000),
('dfef8e06-e28a-4a4b-b424-7924ec308299', '0ee56c7a-b746-4fcb-a167-48dd5edb38a7', 'CT00008', '02fb87fd-6965-4746-8fc1-e7c774b9fd22', 'TS00158', 'Sony Alpha A6400', 'Phòng hành chính kế toán', 20000000.0000, 2222000.0000, 15556000.0000),
('e46e71a5-4319-41b1-a835-10ae1055553d', '0ee56c7a-b746-4fcb-a167-48dd5edb38a7', 'CT00008', '222e9b4b-0e76-4069-9a37-b737b2746b29', 'TS00023', 'Điện thoại Xiaomi Mi 11', 'Phòng kinh doanh và tiếp thị', 9000000.0000, 818100.0000, 8181900.0000),
('e4799635-c99a-4e6c-b537-641b3342c879', '7a499a98-b10e-4f9d-b2d4-934ed3e5e492', 'CT000011', '2d76018a-64b5-48c7-a058-741853a88692', 'TS00176', 'Apple MacBook Air', 'Phòng kỹ thuật', 20000000.0000, 1334000.0000, 18666000.0000),
('e4d91ef0-2b57-4528-83c1-f74ab8c892be', '0ee56c7a-b746-4fcb-a167-48dd5edb38a7', 'CT00008', '1b372c7a-1b78-495b-ae9d-6a6b57762b90', 'TS00126', 'Logitech G Pro X Superlight', 'Phòng kỹ thuật', 2000000.0000, 133400.0000, 1866600.0000),
('e4fe020c-9e3d-4c92-9eb7-74bc95bb0468', '0ee56c7a-b746-4fcb-a167-48dd5edb38a7', 'CT00008', '00d7dc20-7714-4165-9ad6-b9a7e832035b', 'TS00258', 'Dell 27" Monitor', 'Phòng hành chính kế toán', 7500000.0000, 833250.0000, 6666750.0000),
('e52c89dd-06eb-45ba-9493-30b7a3293c42', '0ee56c7a-b746-4fcb-a167-48dd5edb38a7', 'CT00008', '1178ee92-69a0-4401-bcc8-e53a9fdc2865', 'TS00387', 'Epson EcoTank L3170', 'Phòng nhân sự', 3100000.0000, 221340.0000, 2878660.0000),
('e7464109-a59d-42f3-8e4f-1257b439c343', '0ee56c7a-b746-4fcb-a167-48dd5edb38a7', 'CT00008', '1aa788ed-5036-47b4-926a-2fd7bcaf0eec', 'TS00386', 'Fujifilm X-T6', 'Phòng công nghệ thông tin', 26000000.0000, 5200000.0000, 20800000.0000),
('efefd6b5-e9b6-4bc2-ac1a-4a158970b6dd', '0ee56c7a-b746-4fcb-a167-48dd5edb38a7', 'CT00008', '140e7828-519a-45d2-b6e9-9e3c428b691f', 'TS00189', 'Bose SoundLink Micro', 'Phòng thư ký', 2000000.0000, 133400.0000, 1733200.0000),
('f0079eee-dbe6-42d1-be81-42ca4500bc75', '0ee56c7a-b746-4fcb-a167-48dd5edb38a7', 'CT00008', '1f1066c3-1186-4a5b-9cee-53d36db649fc', 'TS00298', 'Nikon D3600', 'Phòng công nghệ thông tin', 14500000.0000, 1035300.0000, 13464700.0000),
('f16ec46b-4cb0-42a3-9bb0-dd9a14c367b9', '52e53938-461d-4c05-9d25-4258f118f55a', 'CT00003', '0ab1d414-483e-453d-b95b-f054efb72ca3', 'TS00207', 'Asus ROG Strix', 'Phòng thư ký', 18000000.0000, 1285200.0000, 15429600.0000),
('fd301137-c9b6-4d8f-8d05-08eefa6a8e07', '7a499a98-b10e-4f9d-b2d4-934ed3e5e492', 'CT000011', '36a9b605-5f2e-444b-9855-69e446e2d676', 'TS00360', 'SteelSeries Rival 5', 'Phòng nhân sự', 1750000.0000, 218750.0000, 1312500.0000);

-- 
-- Restore previous SQL mode
-- 
/*!40101 SET SQL_MODE=@OLD_SQL_MODE */;

-- 
-- Enable foreign keys
-- 
/*!40014 SET FOREIGN_KEY_CHECKS = @OLD_FOREIGN_KEY_CHECKS */;